СМОТРИТЕ  НА  ЧИСТОТУ  ГЛАЗАМИ  ГОСТЯ,,,
,ОФИЦИАНТ,,
П О Н Е Д Е Л Ь Н И К,,П О Н Е Д Е Л Ь Н И К,
,до открытия,Протереть дверь и дверную ручку внутри и снаружи,TRUE
,,"Проверить туалетную комнату на чистоту, при необходимости помыть",TRUE
,,"Проверить все столы на чистоту, диваны и кресла на чистоту от крошек и пятен, проверить наполненность салфетниц. Подушки на диванах и креслах взбиты и лежат аккуратно",TRUE
,,Проверить полы на чистоту,TRUE
,,Проверить витрину на чистоту: протереть снаружи при необходим﻿ости,TRUE
,,Ознакомиться с ассортиментом витрины и с позициями по скидке,TRUE
,,"• Подмести зону вокруг летней площадки и саму площадку
• Проверить на чистоту полы, если грязные – помыть шваброй из котельной
*задачу желательно сделать перед тем, как Бариста расставит столы и стулья",TRUE
,,"После того, как столы и стулья на летнюю площадку расставлены: 
протереть подстолья, столы, стулья от пыли ",TRUE
,,Клумба на улице: полить (залить в нее 5 леек),TRUE
,,Проверить место с расходниками для гостей на чистоту и на наполненность,TRUE
,,,
,"После открытия 
с 8:00","Проверить в витрине еду на сбор конденсата. Конденсат протирать каждое утро и в течение дня, либо менять местами позиции ставить нижний на верхний.",TRUE
,,Протереть уличный баннер (при необходимости со средством от налета),TRUE
,,"Протереть стеллаж со свечами, а также все выступы и стекла стеллажа 
(нужно выдвинуть стекла и протереть)",TRUE
,,Если стоят цветы в вазах на столах – поменять воду,TRUE
,,"Проверить рабочий телефон на наличие пропущенных звонков, сообщений в telegram. При необходимости перезвонить или ответить в telegram клиенту",TRUE
,,Протереть стеллажи с пачками зерна/шоколада (напротив бара и рядом с витриной) ,TRUE
,,,
,"обед
с 10:00 до 17:00","Проверить товарную витрину на внешний вид: всё стоит ровно с примерно одинаковым расстоянием друг к другу зерно / шоколад / чай. В конце ряда упаковки не навалены и не выпячивают

стеллаж 1:  фото 1,  фото 2
стеллаж 2
стеллаж 3 ",TRUE
,,"Пополнить на стеллажах зерно в упаковках 250 гр, 1 кг 

*Перед тем, как пополнять – сделайте список или фото зерна на стеллажах и сравните с наличием в коробке. 
**После того, как возьмете содержимое из коробок – обновите данные маркером на коробке! ",TRUE
,,"Пополнить на стеллажах шоколад 

*Перед тем, как пополнять – сделайте список или фото шоколада на стеллаже и сравните с наличием в коробке. 
**После того, как возьмете содержимое из коробок – обновите данные маркером на коробке! ",TRUE
,,"Пополнить на стеллажах чай 

*Перед тем, как пополнять – сделайте список чая, который стоит на стеллаже и сравните с наличием в коробке. 
**После того, как возьмете содержимое из коробок – обновите данные маркером на коробке! ",TRUE
,,Наполнить расходники для гостей (органайзер),TRUE
,,"Наполнить зону бара на продажу гостям: дрипы, чай, сок, вода 0,5, батончики",TRUE
,,Протереть лицевую часть бара,TRUE
,,"Проверить на чистоту полы в кофейне (каждый час-полтора). При необходимости подмести, протереть ",TRUE
,,"Проверить зону туалета на чистоту: унитаз, раковины, зеркало",TRUE
,,"Проверить рабочий телефон на наличие пропущенных звонков, сообщений в telegram. При необходимости перезвонить или ответить в telegram клиенту",TRUE
,,Протереть пороги лестницы,TRUE
,,,
,"вечер
с 17:00 до 21:00","Проверить график полива цветов в приложение Lyrata (на рабочем телефоне)
Полить цветы согласно графику.  Важно! Перед поливом проверь землю на сухость.

Поливаем лейкой! Для улицы используем большую лейку",TRUE
,,"Витрина: еда принята, сроки проставлены и выложена по ротации. Актуализировать список десертов
пример, как должна выглядеть витрина: все черные ценники стоят напротив десертов; все позиции без конденсата и стоят по одной линии, белым ценником к гостю",TRUE
,,"Проверить наличие позиций на скидки, при необходимости на третьи сутки проставить скидку в конце смены",TRUE
,,Помыть за баром раковину и кран,TRUE
,,"Протереть витрину снаружи, а внутри по мере загрязнения. Подложки с десертами чистые и без крошек",TRUE
,,"Пополнить витрину едой / десертами 
Важно! Мы это делаем, чтобы с утра витрина выглядела изобильной и наполненной. А также это необходимо для сменщика, который после тебя открывает смену",TRUE
,,"Протереть и наполнить зону расходников для гостей, на столах пополнить салфетницы",TRUE
,,"Протереть все столы и подстолья стульев/столов, а также перегородку под большим столом на 1-м этаже. Диваны и кресла очистить от крошек и пятен. Подушки на диванах и креслах взбить и положить аккуратно
*пример как выглядят взбитые подушки на кресле 
*пример как выглядят взбитые подушки на диванах: пример 1  и  пример 2",TRUE
,,"Проверить рабочий телефон на наличие пропущенных звонков, сообщений в telegram. При необходимости перезвонить или ответить в telegram клиенту",TRUE
,,"Пропылесосить ковер и пол, а также в труднодоступных местах (за креслом под лестницей) и под выдвижными ящиками стеллажа",TRUE
,,"Убрать в санузел: туалет полностью вымыт химией, залито средство в йоршик, раковина вокруг протерта от пятен и воды, зеркало и кран протерты и без разводов, диспенсенры наполнены (т/б, бум. полотенца, мыло). Пол помыть, мусорный пакет поменять",TRUE
,,"На 2-м этаже подмести и помыть полы (со средством), а также лестницу",TRUE
,,"После мытья полов – проверить ведро на чистоту, ополоснуть / помыть",TRUE
,,"Проверить наполненность зона бара на продажу гостям: сок, вода 0,5, батончики, пряники, дрипы",TRUE
,,"Вся посуда, приборы, стаканы и кружки натерты и находятся в состоянии без разводов. Расставлены по местам",TRUE
,,,
,,,
,ОФИЦИАНТ,,
В Т О Р Н И К,,В Т О Р Н И К,
,до открытия,Протереть дверь и дверную ручку внутри и снаружи,TRUE
,,"Проверить туалетную комнату на чистоту, при необходимости помыть",TRUE
,,"Проверить все столы на чистоту, диваны и кресла на чистоту от крошек и пятен, проверить наполненность салфетниц. Подушки на диванах и креслах взбиты и лежат аккуратно",TRUE
,,Проверить полы на чистоту,TRUE
,,Проверить витрину на чистоту: протереть снаружи при необходим﻿ости,TRUE
,,Ознакомиться с ассортиментом витрины и с позициями по скидке,TRUE
,,"• Подмести зону вокруг летней площадки и саму площадку
• Проверить на чистоту полы, если грязные – помыть шваброй из котельной
*задачу желательно сделать перед тем, как Бариста расставит столы и стулья",TRUE
,,"После того, как столы и стулья на летнюю площадку расставлены: 
протереть подстолья, столы, стулья от пыли ",TRUE
,,Проверить место с расходниками для гостей на чистоту и на наполненность,TRUE
,,,
,"После открытия 
с 8:00","Проверить в витрине еду на сбор конденсата. Конденсат протирать каждое утро и в течение дня, либо менять местами позиции ставить нижний на верхний.",TRUE
,,"Протереть нижний и верхний подоконник от пыли, а также всё то что стоит/лежит из декора на подоконниках",TRUE
,,"Проверить рабочий телефон на наличие пропущенных звонков, сообщений в telegram. При необходимости перезвонить или ответить в telegram клиенту",TRUE
,,Протереть от пыли листья всех цветов в горшках (особенно у крупных цветов и у деревцев),TRUE
,,,
,"обед
с 10:00 до 17:00","Проверить товарную витрину на внешний вид: всё стоит ровно с примерно одинаковым расстоянием друг к другу зерно / шоколад / чай. В конце ряда упаковки не навалены и не выпячивают

стеллаж 1:  фото 1,  фото 2,  фото 3
стеллаж 2
стеллаж 3 ",TRUE
,,"Пополнить на стеллажах зерно в упаковках 250 гр, 1 кг 

*Перед тем, как пополнять – сделайте список или фото зерна на стеллажах и сравните с наличием в коробке. 
**После того, как возьмете содержимое из коробок – обновите данные маркером на коробке! ",TRUE
,,"Пополнить на стеллажах шоколад 

*Перед тем, как пополнять – сделайте список или фото шоколада на стеллаже и сравните с наличием в коробке. 
**После того, как возьмете содержимое из коробок – обновите данные маркером на коробке! ",TRUE
,,"Пополнить на стеллажах чай 

*Перед тем, как пополнять – сделайте список чая, который стоит на стеллаже и сравните с наличием в коробке. 
**После того, как возьмете содержимое из коробок – обновите данные маркером на коробке! ",TRUE
,,"Паутина: убрать вдоль стены по лестнице, на потолке и с углов, со световых источников, в дверных проемах, с цветов, навесной полки и стеллажей

*Важно! Пипидастром проходимся смахивая вдоль стен, углов и потолку. Не делаем это выборочно!",TRUE
,,"Проверить на чистоту полы в кофейне (каждый час-полтора). При необходимости подмести, протереть ",TRUE
,,Наполнить расходники для гостей (органайзер),TRUE
,,"Наполнить зону бара на продажу гостям: дрипы, чай, сок, вода 0,5, батончики",TRUE
,,Протереть лицевую часть бара,TRUE
,,"Витрина: десерты выложить по ротации. Актуализировать список десертов
пример, как должна выглядеть витрина: все черные ценники стоят напротив десертов; все позиции без конденсата и стоят по одной линии, белым ценником к гостю",TRUE
,,"Проверить рабочий телефон на наличие пропущенных звонков, сообщений в telegram. При необходимости перезвонить или ответить в telegram клиенту",TRUE
,,"Проверить зону туалета на чистоту: унитаз, раковины, зеркало",TRUE
,,,
,"вечер
с 17:00 до 21:00","Проверить график полива цветов в приложение Lyrata (на рабочем телефоне)
Полить цветы согласно графику.  Важно! Перед поливом проверь землю на сухость.

Поливаем лейкой! Для улицы используем большую лейку",TRUE
,,"Проверить наличие позиций на скидки, при необходимости на третьи сутки проставить скидку в конце смены",TRUE
,,"Протереть витрину снаружи, а внутри по мере загрязнения. Подложки с десертами чистые и без крошек",TRUE
,,"Пополнить витрину едой / десертами 
Важно! Мы это делаем, чтобы с утра витрина выглядела изобильной и наполненной. А также это необходимо для сменщика, который после тебя открывает смену",TRUE
,,"Протереть и наполнить зону расходников для гостей, на столах пополнить салфетницы",TRUE
,,"Проверить рабочий телефон на наличие пропущенных звонков, сообщений в telegram. При необходимости перезвонить или ответить в telegram клиенту",TRUE
,,"Протереть все столы и подстолья стульев/столов, а также перегородку под большим столом на 1-м этаже. Диваны и кресла очистить от крошек и пятен. Подушки на диванах и креслах взбить и положить аккуратно
*пример как выглядят взбитые подушки на кресле 
*пример как выглядят взбитые подушки на диванах: пример 1  и  пример 2",TRUE
,,"Пропылесосить ковер и пол, а также в труднодоступных местах (за креслом под лестницей) и под выдвижными ящиками стеллажа",TRUE
,,"Убрать в санузел: туалет полностью вымыт химией, залито средство в йоршик, раковина вокруг протерта от пятен и воды, зеркало и кран протерты и без разводов, диспенсенры наполнены (т/б, бум. полотенца, мыло). Пол помыть, мусорный пакет поменять",TRUE
,,"На 2-м этаже подмести и помыть полы (со средством), а также лестницу",TRUE
,,"После мытья полов – проверить ведро на чистоту, ополоснуть / помыть",TRUE
,,"Проверить наполненность зона бара на продажу гостям: сок, вода 0,5, батончики, пряники, дрипы",TRUE
,,"Вся посуда, приборы, стаканы и кружки натерты и находятся в состоянии без разводов. Расставлены по местам",TRUE
,,,
,,,
,ОФИЦИАНТ,,
С Р Е Д А,,С Р Е Д А,
,до открытия,Протереть дверь и дверную ручку внутри и снаружи,TRUE
,,"Проверить туалетную комнату на чистоту, при необходимости помыть",TRUE
,,"Проверить все столы на чистоту, диваны и кресла на чистоту от крошек и пятен, проверить наполненность салфетниц. Подушки на диванах и креслах взбиты и лежат аккуратно",TRUE
,,Проверить полы на чистоту,TRUE
,,Проверить витрину на чистоту: протереть снаружи при необходим﻿ости,TRUE
,,Ознакомиться с ассортиментом витрины и с позициями по скидке,TRUE
,,"• Подмести зону вокруг летней площадки и саму площадку
• Проверить на чистоту полы, если грязные – помыть шваброй из котельной
*задачу желательно сделать перед тем, как Бариста расставит столы и стулья",TRUE
,,"После того, как столы и стулья на летнюю площадку расставлены: 
протереть подстолья, столы, стулья от пыли ",TRUE
,,Проверить место с расходниками для гостей на чистоту и на наполненность,TRUE
,,,
,"После открытия 
с 8:00","Проверить в витрине еду на сбор конденсата. Конденсат протирать каждое утро и в течение дня, либо менять местами позиции ставить нижний на верхний.",TRUE
,,"Проверить на чистоту стекло на улице и протереть при необходимости в месте расположения летней площадки и за клумбой.
*использовать мыльный раствор или средство от налета 
Пример (фото) как должны выглядеть чистые стекла 
",TRUE
,,"Проверить рабочий телефон на наличие пропущенных звонков, сообщений в telegram. При необходимости перезвонить или ответить в telegram клиенту",TRUE
,,Протереть стеллаж на 2-м этаже под окном вместе с декором ,TRUE
,,Протереть на 2-м этаже навесную полку вместе с декором,TRUE
,,Протереть на 2-м этаже тумбы вместе с декором,TRUE
,,,
,"обед
с 10:00 до 17:00","Проверить товарную витрину на внешний вид: всё стоит ровно с примерно одинаковым расстоянием друг к другу зерно / шоколад / чай. В конце ряда упаковки не навалены и не выпячивают

стеллаж 1:  фото 1,  фото 2,  фото 3
стеллаж 2
стеллаж 3 ",TRUE
,,"Пополнить на стеллажах зерно в упаковках 250 гр, 1 кг 

*Перед тем, как пополнять – сделайте список или фото зерна на стеллажах и сравните с наличием в коробке. 
**После того, как возьмете содержимое из коробок – обновите данные маркером на коробке! ",TRUE
,,"Пополнить на стеллажах шоколад 

*Перед тем, как пополнять – сделайте список или фото шоколада на стеллаже и сравните с наличием в коробке. 
**После того, как возьмете содержимое из коробок – обновите данные маркером на коробке! ",TRUE
,,"Пополнить на стеллажах чай 

*Перед тем, как пополнять – сделайте список чая, который стоит на стеллаже и сравните с наличием в коробке. 
**После того, как возьмете содержимое из коробок – обновите данные маркером на коробке! ",TRUE
,,"Паутина: убрать вдоль стены по лестнице, на потолке и с углов, со световых источников, в дверных проемах, с цветов, навесной полки и стеллажей

*Важно! Пипидастром проходимся смахивая вдоль стен, углов и потолку. Не делаем это выборочно!",TRUE
,,"Протереть и натереть туалетную дверь, без разводов и пятен",TRUE
,,"Проверить на чистоту полы в кофейне (каждый час-полтора). При необходимости подмести, протереть ",TRUE
,,"Протереть дверь склада внутри и снаружи, соседнее окно и рамки по периметру двери
фото двери",TRUE
,,"Убраться в уголке под лестницей: 
выдвинуть комод и за ним пропылесосить/подмести
убрать пипидастром пыль и паутины со всего декора, протереть декор влажной тряпочкой, протереть комод, тумбу с книгами

*Важно! Пипидастром проходимся смахивая вдоль стен, углов и потолку. Не делаем это выборочно!",TRUE
,,Наполнить расходники для гостей (органайзер),TRUE
,,"Наполнить зону бара на продажу гостям: дрипы, чай, сок, вода 0,5, батончики",TRUE
,,Протереть лицевую часть бара,TRUE
,,"Проверить рабочий телефон на наличие пропущенных звонков, сообщений в telegram. При необходимости перезвонить или ответить в telegram клиенту",TRUE
,,"Проверить зону туалета на чистоту: унитаз, раковины, зеркало",TRUE
,,,
,"вечер
с 17:00 до 21:00","Проверить график полива цветов в приложение Lyrata (на рабочем телефоне)
Полить цветы согласно графику.  Важно! Перед поливом проверь землю на сухость.

Поливаем лейкой! Для улицы используем большую лейку",TRUE
,,Помыть за баром раковину и кран,TRUE
,,"Витрина: еда принята, сроки проставлены и выложена по ротации. Актуализировать список десертов
пример, как должна выглядеть витрина: все черные ценники стоят напротив десертов; все позиции без конденсата и стоят по одной линии, белым ценником к гостю",TRUE
,,"Проверить наличие позиций на скидки, при необходимости на третьи сутки проставить скидку в конце смены",TRUE
,,"Протереть витрину снаружи, а внутри по мере загрязнения. Подложки с десертами чистые и без крошек",TRUE
,,"Пополнить витрину едой / десертами 
Важно! Мы это делаем, чтобы с утра витрина выглядела изобильной и наполненной. А также это необходимо для сменщика, который после тебя открывает смену",TRUE
,,"Протереть и наполнить зону расходников для гостей, на столах пополнить салфетницы",TRUE
,,"Проверить рабочий телефон на наличие пропущенных звонков, сообщений в telegram. При необходимости перезвонить или ответить в telegram клиенту",TRUE
,,"Протереть все столы и подстолья стульев/столов, а также перегородку под большим столом на 1-м этаже. Диваны и кресла очистить от крошек и пятен. Подушки на диванах и креслах взбить и положить аккуратно
*пример как выглядят взбитые подушки на кресле 
*пример как выглядят взбитые подушки на диванах: пример 1  и  пример 2",TRUE
,,"Пропылесосить ковер и пол, а также в труднодоступных местах (за креслом под лестницей) и под выдвижными ящиками стеллажа",TRUE
,,"Убрать в углу за баром, в зоне мусорки напротив раковины. Отодвинуть мусорку, подмести и помыть в этой зоне полы, не оставляя после смены мусор",TRUE
,,"Убрать в санузел: туалет полностью вымыт химией, залито средство в йоршик, раковина вокруг протерта от пятен и воды, зеркало и кран протерты и без разводов, диспенсенры наполнены (т/б, бум. полотенца, мыло). Пол помыть, мусорный пакет поменять",TRUE
,,"На 2-м этаже подмести и помыть полы (со средством), а также лестницу",TRUE
,,"После мытья полов – проверить ведро на чистоту, ополоснуть / помыть",TRUE
,,"Проверить наполненность зона бара на продажу гостям: сок, вода 0,5, батончики, пряники, дрипы",TRUE
,,"Вся посуда, приборы, стаканы и кружки натерты и находятся в состоянии без разводов. Расставлены по местам",TRUE
,,,
,,,
,ОФИЦИАНТ,,
Ч Е Т В Е Р Г,,Ч Е Т В Е Р Г,
,до открытия,Протереть дверь и дверную ручку внутри и снаружи,TRUE
,,"Проверить туалетную комнату на чистоту, при необходимости помыть",TRUE
,,"Проверить все столы на чистоту, диваны и кресла на чистоту от крошек и пятен, проверить наполненность салфетниц. Подушки на диванах и креслах взбиты и лежат аккуратно",TRUE
,,Проверить полы на чистоту,TRUE
,,Проверить витрину на чистоту: протереть снаружи при необходим﻿ости,TRUE
,,Ознакомиться с ассортиментом витрины и с позициями по скидке,TRUE
,,"• Подмести зону вокруг летней площадки и саму площадку
• Проверить на чистоту полы, если грязные – помыть шваброй из котельной
*задачу желательно сделать перед тем, как Бариста расставит столы и стулья",TRUE
,,"После того, как столы и стулья на летнюю площадку расставлены: 
протереть подстолья, столы, стулья от пыли ",TRUE
,,Клумба на улице: полить (залить в нее 5 леек),TRUE
,,Проверить место с расходниками для гостей на чистоту и на наполненность,TRUE
,,,
,"После открытия 
с 8:00","Проверить в витрине еду на сбор конденсата. Конденсат протирать каждое утро и в течение дня, либо менять местами позиции ставить нижний на верхний.",TRUE
,,"Протереть стеллаж со свечами, а также все выступы и стекла стеллажа 
(нужно выдвинуть стекла и протереть)",TRUE
,,"Проверить рабочий телефон на наличие пропущенных звонков, сообщений в telegram. При необходимости перезвонить или ответить в telegram клиенту",TRUE
,,Протереть стеллаж на 2-м этаже у туалета вместе с декором,TRUE
,,На 2-м этаже протереть стеклянную перегородку и натереть без разводов,TRUE
,,Если стоят цветы в вазах на столах – поменять воду,TRUE
,,,
,"обед
с 10:00 до 17:00","Проверить товарную витрину на внешний вид: всё стоит ровно с примерно одинаковым расстоянием друг к другу зерно / шоколад / чай. В конце ряда упаковки не навалены и не выпячивают

стеллаж 1:  фото 1,  фото 2,  фото 3
стеллаж 2
стеллаж 3 ",TRUE
,,"Пополнить на стеллажах зерно в упаковках 250 гр, 1 кг 

*Перед тем, как пополнять – сделайте список или фото зерна на стеллажах и сравните с наличием в коробке. 
**После того, как возьмете содержимое из коробок – обновите данные маркером на коробке! ",TRUE
,,"Пополнить на стеллажах шоколад 

*Перед тем, как пополнять – сделайте список или фото шоколада на стеллаже и сравните с наличием в коробке. 
**После того, как возьмете содержимое из коробок – обновите данные маркером на коробке! ",TRUE
,,"Пополнить на стеллажах чай 

*Перед тем, как пополнять – сделайте список чая, который стоит на стеллаже и сравните с наличием в коробке. 
**После того, как возьмете содержимое из коробок – обновите данные маркером на коробке! ",TRUE
,,"Зерно и чай в упаковках проверены по сроку,  выписан список ранее чем два месяца со дня учета (1 раз в 2 недели)",TRUE
,,"Световые источники, подвесные свечи, лампы, неоновая вывеска и кондиционер протерты от пыли",TRUE
,,"Проверить на чистоту полы в кофейне (каждый час-полтора). При необходимости подмести, протереть ",TRUE
,,"Витрина: десерты выложить по ротации. Актуализировать список десертов
пример, как должна выглядеть витрина: все черные ценники стоят напротив десертов; все позиции без конденсата и стоят по одной линии, белым ценником к гостю",TRUE
,,Наполнить расходники для гостей (органайзер),TRUE
,,"Наполнить зону бара на продажу гостям: дрипы, чай, сок, вода 0,5, батончики",TRUE
,,Протереть лицевую часть бара,TRUE
,,"Проверить рабочий телефон на наличие пропущенных звонков, сообщений в telegram. При необходимости перезвонить или ответить в telegram клиенту",TRUE
,,"Проверить зону туалета на чистоту: унитаз, раковины, зеркало",TRUE
,,,
,"вечер
с 17:00 до 21:00","Проверить график полива цветов в приложение Lyrata (на рабочем телефоне)
Полить цветы согласно графику.  Важно! Перед поливом проверь землю на сухость.

Поливаем лейкой! Для улицы используем большую лейку",TRUE
,,"Проверить наличие позиций на скидки, при необходимости на третьи сутки проставить скидку в конце смены",TRUE
,,"Протереть витрину снаружи, а внутри по мере загрязнения. Подложки с десертами чистые и без крошек",TRUE
,,"Пополнить витрину едой / десертами 
Важно! Мы это делаем, чтобы с утра витрина выглядела изобильной и наполненной. А также это необходимо для сменщика, который после тебя открывает смену",TRUE
,,"Протереть и наполнить зону расходников для гостей, на столах пополнить салфетницы",TRUE
,,"Проверить рабочий телефон на наличие пропущенных звонков, сообщений в telegram. При необходимости перезвонить или ответить в telegram клиенту",TRUE
,,"Протереть все столы и подстолья стульев/столов, а также перегородку под большим столом на 1-м этаже. Диваны и кресла очистить от крошек и пятен. Подушки на диванах и креслах взбить и положить аккуратно
*пример как выглядят взбитые подушки на кресле 
*пример как выглядят взбитые подушки на диванах: пример 1  и  пример 2",TRUE
,,"Пропылесосить ковер и пол, а также в труднодоступных местах (за креслом под лестницей) и под выдвижными ящиками стеллажа",TRUE
,,"Убрать в санузел: туалет полностью вымыт химией, залито средство в йоршик, раковина вокруг протерта от пятен и воды, зеркало и кран протерты и без разводов, диспенсенры наполнены (т/б, бум. полотенца, мыло). Пол помыть, мусорный пакет поменять",TRUE
,,"На 2-м этаже подмести и помыть полы (со средством), а также лестницу",TRUE
,,"После мытья полов – проверить ведро на чистоту, ополоснуть / помыть",TRUE
,,"Проверить наполненность зона бара на продажу гостям: сок, вода 0,5, батончики, пряники, дрипы",TRUE
,,"Вся посуда, приборы, стаканы и кружки натерты и находятся в состоянии без разводов. Расставлены по местам",TRUE
,,,
,,,
,ОФИЦИАНТ,,
,,П Я Т Н И Ц А,
П Я Т Н И Ц А,до открытия,Протереть дверь и дверную ручку внутри и снаружи,TRUE
,,"Проверить туалетную комнату на чистоту, при необходимости помыть",TRUE
,,"Проверить все столы на чистоту, диваны и кресла на чистоту от крошек и пятен, проверить наполненность салфетниц. Подушки на диванах и креслах взбиты и лежат аккуратно",TRUE
,,Проверить полы на чистоту,TRUE
,,Проверить витрину на чистоту: протереть снаружи при необходим﻿ости,TRUE
,,Ознакомиться с ассортиментом витрины и с позициями по скидке,TRUE
,,"• Подмести зону вокруг летней площадки и саму площадку
• Проверить на чистоту полы, если грязные – помыть шваброй из котельной
*задачу желательно сделать перед тем, как Бариста расставит столы и стулья",TRUE
,,"После того, как столы и стулья на летнюю площадку расставлены: 
протереть подстолья, столы, стулья от пыли ",TRUE
,,Проверить место с расходниками для гостей на чистоту и на наполненность,TRUE
,,,
,"После открытия 
с 8:00","Проверить в витрине еду на сбор конденсата. Конденсат протирать каждое утро и в течение дня, либо менять местами позиции ставить нижний на верхний.",TRUE
,,"Проверить рабочий телефон на наличие пропущенных звонков, сообщений в telegram. При необходимости перезвонить или ответить в telegram клиенту",TRUE
,,"Протереть в труднодоступных местах: за диванами, за стеллажом и рядом стоящих горшком, в углу за зеркалом, горшками и креслом. Протереть зеркало в углу за креслом",TRUE
,,"Паутина: убрать пипидастром вдоль стены по лестнице, на потолке и с углов, со световых источников, в дверных проемах, с цветов, навесной полки и стеллажей

*Важно! Пипидастром проходимся смахивая вдоль стен, углов и потолку. Не делаем это выборочно!",TRUE
,,,
,"обед
с 10:00 до 17:00","Проверить товарную витрину на внешний вид: всё стоит ровно с примерно одинаковым расстоянием друг к другу зерно / шоколад / чай. В конце ряда упаковки не навалены и не выпячивают

стеллаж 1:  фото 1,  фото 2,  фото 3
стеллаж 2
стеллаж 3 ",TRUE
,,"Пополнить на стеллажах зерно в упаковках 250 гр, 1 кг 

*Перед тем, как пополнять – сделайте список или фото зерна на стеллажах и сравните с наличием в коробке. 
**После того, как возьмете содержимое из коробок – обновите данные маркером на коробке! ",TRUE
,,"Пополнить на стеллажах шоколад 

*Перед тем, как пополнять – сделайте список или фото шоколада на стеллаже и сравните с наличием в коробке. 
**После того, как возьмете содержимое из коробок – обновите данные маркером на коробке! ",TRUE
,,"Пополнить на стеллажах чай 

*Перед тем, как пополнять – сделайте список чая, который стоит на стеллаже и сравните с наличием в коробке. 
**После того, как возьмете содержимое из коробок – обновите данные маркером на коробке! ",TRUE
,,Протереть стеллажи с пачками зерна/шоколада (напротив бара и рядом с витриной) ,TRUE
,,Протереть пороги лестницы,TRUE
,,"Проверить на чистоту полы в кофейне (каждый час-полтора). При необходимости подмести, протереть ",TRUE
,,Наполнить расходники для гостей (органайзер),TRUE
,,"Наполнить зону бара на продажу гостям: дрипы, чай, сок, вода 0,5л, батончики",TRUE
,,Протереть лицевую часть бара,TRUE
,,"Проверить рабочий телефон на наличие пропущенных звонков, сообщений в telegram. При необходимости перезвонить или ответить в telegram клиенту",TRUE
,,"Проверить зону туалета на чистоту: унитаз, раковины, зеркало",TRUE
,,,
,"вечер
с 17:00 до 21:00","Проверить график полива цветов в приложение Lyrata (на рабочем телефоне)
Полить цветы согласно графику.  Важно! Перед поливом проверь землю на сухость.

Поливаем лейкой! Для улицы используем большую лейку",TRUE
,,"Проверить наличие позиций на скидки, при необходимости на третьи сутки проставить скидку в конце смены",TRUE
,,"Витрина: еда принята, сроки проставлены и выложена по ротации. Актуализировать список десертов
пример, как должна выглядеть витрина: все черные ценники стоят напротив десертов; все позиции без конденсата и стоят по одной линии, белым ценником к гостю",TRUE
,,Помыть за баром раковину и кран,TRUE
,,"Протереть витрину снаружи, а внутри по мере загрязнения. Подложки с десертами чистые и без крошек",TRUE
,,"Пополнить витрину едой / десертами 
Важно! Мы это делаем, чтобы с утра витрина выглядела изобильной и наполненной. А также это необходимо для сменщика, который после тебя открывает смену",TRUE
,,"Протереть и наполнить зону расходников для гостей, на столах пополнить салфетницы",TRUE
,,"Проверить рабочий телефон на наличие пропущенных звонков, сообщений в telegram. При необходимости перезвонить или ответить в telegram клиенту",TRUE
,,"Протереть все столы и подстолья стульев/столов, а также перегородку под большим столом на 1-м этаже. Диваны и кресла очистить от крошек и пятен. Подушки на диванах и креслах взбить и положить аккуратно
*пример как выглядят взбитые подушки на кресле 
*пример как выглядят взбитые подушки на диванах: пример 1  и  пример 2",TRUE
,,"Пропылесосить ковер и пол, а также в труднодоступных местах (за креслом под лестницей) и под выдвижными ящиками стеллажа",TRUE
,,"Убрать в санузел: туалет полностью вымыт химией, залито средство в йоршик, раковина вокруг протерта от пятен и воды, зеркало и кран протерты и без разводов, диспенсенры наполнены (т/б, бум. полотенца, мыло). Пол помыть, мусорный пакет поменять",TRUE
,,"На 2-м этаже подмести и помыть полы (со средством), а также лестницу",TRUE
,,"После мытья полов – проверить ведро на чистоту, ополоснуть / помыть",TRUE
,,"Проверить наполненность зона бара на продажу гостям: сок, вода 0,5, батончики, пряники, дрипы",TRUE
,,"Вся посуда, приборы, стаканы и кружки натерты и находятся в состоянии без разводов. Расставлены по местам",TRUE
,,,
,,,
,ОФИЦИАНТ,,
,,С У Б Б О Т А,
С У Б Б О Т А,до открытия,Протереть дверь и дверную ручку внутри и снаружи,TRUE
,,"Проверить туалетную комнату на чистоту, при необходимости помыть",TRUE
,,"Проверить все столы на чистоту, диваны и кресла на чистоту от крошек и пятен, проверить наполненность салфетниц. Подушки на диванах и креслах взбиты и лежат аккуратно",TRUE
,,Проверить полы на чистоту,TRUE
,,Проверить витрину на чистоту: протереть снаружи при необходим﻿ости,TRUE
,,Ознакомиться с ассортиментом витрины и с позициями по скидке,TRUE
,,"• Подмести зону вокруг летней площадки и саму площадку
• Проверить на чистоту полы, если грязные – помыть шваброй из котельной
*задачу желательно сделать перед тем, как Бариста расставит столы и стулья",TRUE
,,"После того, как столы и стулья на летнюю площадку расставлены: 
протереть подстолья, столы, стулья от пыли ",TRUE
,,Проверить место с расходниками для гостей на чистоту и на наполненность,TRUE
,,,
,"После открытия 
с 8:00","Проверить в витрине еду на сбор конденсата. Конденсат протирать каждое утро и в течение дня, либо менять местами позиции ставить нижний на верхний.",TRUE
,,Протереть от пыли листья всех цветов в горшках (особенно у крупных цветов и у деревцев),TRUE
,,"Проверить рабочий телефон на наличие пропущенных звонков, сообщений в telegram. При необходимости перезвонить или ответить в telegram клиенту",TRUE
,,"Убраться в уголке под лестницей: 
выдвинуть комод и за ним пропылесосить/подмести
убрать пипидастром пыль и паутины со всего декора, протереть декор влажной тряпочкой, протереть комод, тумбу с книгами

*Важно! Пипидастром проходимся смахивая вдоль стен, углов и потолку. Не делаем это выборочно!",TRUE
,,"Протереть шопперы от пыли, которые висят у стеллажа ",TRUE
,,"Проверить на чистоту стекло на улице и протереть при необходимости в месте расположения летней площадки и за клумбой.
*использовать мыльный раствор или средство от налета 
Пример (фото) как должны выглядеть чистые стекла 
",TRUE
,,,
,"обед
с 10:00 до 17:00","Проверить товарную витрину на внешний вид: всё стоит ровно с примерно одинаковым расстоянием друг к другу зерно / шоколад / чай. В конце ряда упаковки не навалены и не выпячивают

стеллаж 1:  фото 1,  фото 2,  фото 3
стеллаж 2
стеллаж 3 ",TRUE
,,"Пополнить на стеллажах зерно в упаковках 250 гр, 1 кг 

*Перед тем, как пополнять – сделайте список или фото зерна на стеллажах и сравните с наличием в коробке. 
**После того, как возьмете содержимое из коробок – обновите данные маркером на коробке! ",TRUE
,,"Пополнить на стеллажах шоколад 

*Перед тем, как пополнять – сделайте список или фото шоколада на стеллаже и сравните с наличием в коробке. 
**После того, как возьмете содержимое из коробок – обновите данные маркером на коробке! ",TRUE
,,"Пополнить на стеллажах чай 

*Перед тем, как пополнять – сделайте список чая, который стоит на стеллаже и сравните с наличием в коробке. 
**После того, как возьмете содержимое из коробок – обновите данные маркером на коробке! ",TRUE
,,"Помыть органайзеры внутри:
1. с пакетами
2. со столовыми приборами 
3. подставку для тарелок",TRUE
,,Накрутить перчатки для онигуру на неделю вперед,TRUE
,,"Проверить на чистоту полы в кофейне (каждый час-полтора). При необходимости подмести, протереть ",TRUE
,,"Витрина: десерты выложить по ротации. Актуализировать список десертов
пример, как должна выглядеть витрина: все черные ценники стоят напротив десертов; все позиции без конденсата и стоят по одной линии, белым ценником к гостю",TRUE
,,Наполнить расходники для гостей (органайзер),TRUE
,,"Наполнить зону бара на продажу гостям: дрипы, чай, сок, вода 0,5л, батончики",TRUE
,,Протереть лицевую часть бара,TRUE
,,"Проверить рабочий телефон на наличие пропущенных звонков, сообщений в telegram. При необходимости перезвонить или ответить в telegram клиенту",TRUE
,,"Проверить зону туалета на чистоту: унитаз, раковины, зеркало",TRUE
,,,
,"вечер
с 17:00 до 21:00","Проверить график полива цветов в приложение Lyrata (на рабочем телефоне)
Полить цветы согласно графику.  Важно! Перед поливом проверь землю на сухость.

Поливаем лейкой! Для улицы используем большую лейку",TRUE
,,"Проверить наличие позиций на скидки, при необходимости на третьи сутки проставить скидку в конце смены",TRUE
,,"Протереть витрину снаружи, а внутри по мере загрязнения. Подложки с десертами чистые и без крошек",TRUE
,,"Пополнить витрину едой / десертами 
Важно! Мы это делаем, чтобы с утра витрина выглядела изобильной и наполненной. А также это необходимо для сменщика, который после тебя открывает смену",TRUE
,,"Протереть и наполнить зону расходников для гостей, на столах пополнить салфетницы",TRUE
,,"Проверить рабочий телефон на наличие пропущенных звонков, сообщений в telegram. При необходимости перезвонить или ответить в telegram клиенту",TRUE
,,"Протереть все столы и подстолья стульев/столов, а также перегородку под большим столом на 1-м этаже. Диваны и кресла очистить от крошек и пятен. Подушки на диванах и креслах взбить и положить аккуратно
*пример как выглядят взбитые подушки на кресле 
*пример как выглядят взбитые подушки на диванах: пример 1  и  пример 2",TRUE
,,"Пропылесосить ковер и пол, а также в труднодоступных местах (за креслом под лестницей) и под выдвижными ящиками стеллажа",TRUE
,,"Убрать в санузел: туалет полностью вымыт химией, залито средство в йоршик, раковина вокруг протерта от пятен и воды, зеркало и кран протерты и без разводов, диспенсенры наполнены (т/б, бум. полотенца, мыло). Пол помыть, мусорный пакет поменять",TRUE
,,"На 2-м этаже подмести и помыть полы (со средством), а также лестницу",TRUE
,,"После мытья полов – проверить ведро на чистоту, ополоснуть / помыть",TRUE
,,"Проверить наполненность зона бара на продажу гостям: сок, вода 0,5, батончики, пряники, дрипы",TRUE
,,"Вся посуда, приборы, стаканы и кружки натерты и находятся в состоянии без разводов. Расставлены по местам",TRUE
,,,
,,,
,ОФИЦИАНТ,,
,,В О С К Р Е С Е Н Ь Е,
В О С К Р Е С Е Н Ь Е,до открытия,Протереть дверь и дверную ручку внутри и снаружи,TRUE
,,"Проверить туалетную комнату на чистоту, при необходимости помыть",TRUE
,,"Проверить все столы на чистоту, диваны и кресла на чистоту от крошек и пятен, проверить наполненность салфетниц. Подушки на диванах и креслах взбиты и лежат аккуратно",TRUE
,,Проверить полы на чистоту,TRUE
,,Проверить витрину на чистоту: протереть снаружи при необходим﻿ости,TRUE
,,Ознакомиться с ассортиментом витрины и с позициями по скидке,TRUE
,,"• Подмести зону вокруг летней площадки и саму площадку
• Проверить на чистоту полы, если грязные – помыть шваброй из котельной
*задачу желательно сделать перед тем, как Бариста расставит столы и стулья",TRUE
,,"После того, как столы и стулья на летнюю площадку расставлены: 
протереть подстолья, столы, стулья от пыли ",TRUE
,,Проверить место с расходниками для гостей на чистоту и на наполненность,TRUE
,,,
,"После открытия 
с 8:00","Проверить в витрине еду на сбор конденсата. Конденсат протирать каждое утро и в течение дня, либо менять местами позиции ставить нижний на верхний.",TRUE
,,"Проверить рабочий телефон на наличие пропущенных звонков, сообщений в telegram. При необходимости перезвонить или ответить в telegram клиенту",TRUE
,,"Наклейки-ценники: проверить наличие и отправить заявку в чат ""Перемещения"" до 12:00",TRUE
,,"Чайный столик: 
1. Проверить и поправить расположение чая в корзинах 
2. Проверить на всех упаковках наличие названия на черных ценниках и стоимость
3. Протереть от пыл: упаковки чая, стол и подстолье
4. Корзинки и скатерть оттряхнуть от мусора",TRUE
,,,
,"обед
с 10:00 до 17:00","Проверить товарную витрину на внешний вид: всё стоит ровно с примерно одинаковым расстоянием друг к другу зерно / шоколад / чай. В конце ряда упаковки не навалены и не выпячивают

стеллаж 1:  фото 1,  фото 2,  фото 3
стеллаж 2
стеллаж 3 ",TRUE
,,"Пополнить на стеллажах зерно в упаковках 250 гр, 1 кг 

*Перед тем, как пополнять – сделайте список или фото зерна на стеллажах и сравните с наличием в коробке. 
**После того, как возьмете содержимое из коробок – обновите данные маркером на коробке! ",TRUE
,,"Пополнить на стеллажах шоколад 

*Перед тем, как пополнять – сделайте список или фото шоколада на стеллаже и сравните с наличием в коробке. 
**После того, как возьмете содержимое из коробок – обновите данные маркером на коробке! ",TRUE
,,"Пополнить на стеллажах чай 

*Перед тем, как пополнять – сделайте список чая, который стоит на стеллаже и сравните с наличием в коробке. 
**После того, как возьмете содержимое из коробок – обновите данные маркером на коробке! ",TRUE
,,"Проверить на чистоту полы в кофейне (каждый час-полтора). При необходимости подмести, протереть ",TRUE
,,Наполнить расходники для гостей (органайзер),TRUE
,,"Наполнить зону бара на продажу гостям: дрипы, чай, сок, вода 0,5л, батончики",TRUE
,,Протереть лицевую часть бара,TRUE
,,"Проверить зону туалета на чистоту: унитаз, раковины, зеркало",TRUE
,,"Проверить рабочий телефон на наличие пропущенных звонков, сообщений в telegram. При необходимости перезвонить или ответить в telegram клиенту",TRUE
,,"Сделать фото всех цветов и отправить в чат кофейни ""Цветы"", тегнув Валентину",TRUE
,,,
,"вечер
с 17:00 до 21:00","Проверить график полива цветов в приложение Lyrata (на рабочем телефоне)
Полить цветы согласно графику.  Важно! Перед поливом проверь землю на сухость.

Поливаем лейкой! Для улицы используем большую лейку",TRUE
,,"Проверить наличие позиций на скидки, при необходимости на третьи сутки проставить скидку в конце смены",TRUE
,,Помыть за баром раковину и кран,TRUE
,,Помыть со средством от налета сушку для посуды над раковиной,TRUE
,,"Протереть витрину снаружи, а внутри по мере загрязнения. Подложки с десертами чистые и без крошек",TRUE
,,"Пополнить витрину едой / десертами 
Важно! Мы это делаем, чтобы с утра витрина выглядела изобильной и наполненной. А также это необходимо для сменщика, который после тебя открывает смену",TRUE
,,"Протереть и наполнить зону расходников для гостей, на столах пополнить салфетницы",TRUE
,,"Проверить рабочий телефон на наличие пропущенных звонков, сообщений в telegram. При необходимости перезвонить или ответить в telegram клиенту",TRUE
,,"Протереть все столы и подстолья стульев/столов, а также перегородку под большим столом на 1-м этаже",TRUE
,,"Очистить от крошек и пятен диваны и кресла.
Замыть диваны и кресла моющим средством для мебели.

*Важно! Эта задача выполняется 1 раз в неделю в Воскресенье. Эту задачу не пропускаем, а выполняем вовремя!",TRUE
,," Подушки на диванах и креслах взбить и положить аккуратно (эту задачу выполняем после того, как замыли диваны и кресла)

*пример как выглядят взбитые подушки на кресле 
*пример как выглядят взбитые подушки на диванах: пример 1  и  пример 2",TRUE
,,"Пропылесосить ковер и пол, а также в труднодоступных местах (за креслом под лестницей) и под выдвижными ящиками стеллажа",TRUE
,,"Убрать в санузел: туалет полностью вымыт химией, залито средство в йоршик, раковина вокруг протерта от пятен и воды, зеркало и кран протерты и без разводов, диспенсенры наполнены (т/б, бум. полотенца, мыло). Пол помыть, мусорный пакет поменять",TRUE
,,"На 2-м этаже подмести и помыть полы (со средством), а также лестницу",TRUE
,,"После мытья полов – проверить ведро на чистоту, ополоснуть / помыть",TRUE
,,"Проверить наполненность зона бара на продажу гостям: сок, вода 0,5, батончики, пряники, дрипы",TRUE
,,"Вся посуда, приборы, стаканы и кружки натерты и находятся в состоянии без разводов. Расставлены по местам",TRUE