,,,,,,,,,,,,,,,,,,,,,,,,,,
Отчет по продажам,,,,,,,,,,,,,,,,,,,,,,,,,,
30.03.2026-14.04.2026,,,,,,,,,,,,,,,,,,,,,,,,,,
,,,,,,,,,,,,,,,,,,,,,,,,,,
Наша компания: Все юридические лица,,,,,,,,,,,,,,,,,,,,,,,,,,
,,,,,,,,,,,,,,,,,,,,,,,,,,
Детализация: Склад > Номенклатура,,,,,,,,,,,,,,,,,,,,,,,,,,
Построен: 15.04.2026,,,,,,,,,,,,,,,,,,,,,,,,,,
,,,,,,,,,,,,,,,,,,,,,,,,,,
,,Кол-во,Ед. изм.,Закупочные цены,,Наценка,,,Продажа,,,,,,,,,,,,,,,,,
,,,,Себест.,Сумма себест.,Наценка %,Сумма наценки,Доля наценки,"Доля, %",Ср. цена,Сумма,,,,,,,,,,,,,,,
,,9600.0,,87.18,836912.49,180.47,1510402.51,,,244.51,2347315.0,,,,,,,,,,,,,,,
Тургенева 20,0.0,4772.0,,93.38,445602.54,162.02,721964.46,48.0,50.0,244.67,1167567.0,,,,,,,,,,,,,,,
Капучино,0.0,370.0,шт,44.5,16466.03,326.94,53833.97,7.0,6.0,190.0,70300.0,,,,,,,,,,,,,,,
Большой Капучино,0.0,206.0,шт,67.32,13868.44,271.35,37631.56,5.0,4.0,250.0,51500.0,,,,,,,,,,,,,,,
Десерт 350,0.0,149.0,шт,183.22,27300.0,80.99,22109.0,3.0,4.0,331.6,49409.0,,,,,,,,,,,,,,,
Американо,0.0,345.0,шт,27.03,9324.52,417.99,38975.48,5.0,4.0,140.0,48300.0,,,,,,,,,,,,,,,
Латте,0.0,214.0,шт,54.62,11688.94,302.77,35391.06,5.0,4.0,220.0,47080.0,,,,,,,,,,,,,,,
Онигурадзу семга/ краб/ креветка,0.0,95.0,шт,226.32,21500.0,89.58,19259.0,3.0,3.0,429.04,40759.0,,,,,,,,,,,,,,,
Сэндвич,0.0,86.0,шт,250.0,21500.0,37.38,8036.0,1.0,3.0,343.44,29536.0,,,,,,,,,,,,,,,
Моти,0.0,130.0,шт,120.0,15600.0,78.53,12250.0,2.0,2.0,214.23,27850.0,,,,,,,,,,,,,,,
Флетуайт,0.0,110.0,шт,58.94,6483.58,307.18,19916.42,3.0,2.0,240.0,26400.0,,,,,,,,,,,,,,,
Ролл креветка ВК,0.0,68.0,шт,240.0,16320.0,54.9,8960.0,1.0,2.0,371.76,25280.0,,,,,,,,,,,,,,,
Капучино альт. Б,0.0,75.0,шт,86.44,6483.13,281.76,18266.87,3.0,2.0,330.0,24750.0,,,,,,,,,,,,,,,
Большой американо,0.0,112.0,шт,40.75,4564.14,439.86,20075.86,3.0,2.0,220.0,24640.0,,,,,,,,,,,,,,,
Соба / Удон с курицей Мфуд,0.0,61.0,шт,195.78,11942.5,69.98,8357.5,1.0,2.0,332.79,20300.0,,,,,,,,,,,,,,,
Ролл Курица ВК,0.0,61.0,шт,220.0,13420.0,49.18,6600.0,1.0,2.0,328.2,20020.0,,,,,,,,,,,,,,,
Ролл Индейка ВК,0.0,59.0,шт,220.0,12980.0,50.0,6490.0,1.0,2.0,330.0,19470.0,,,,,,,,,,,,,,,
Фокачча,0.0,57.0,шт,218.86,12475.0,53.49,6673.0,1.0,2.0,335.93,19148.0,,,,,,,,,,,,,,,
Боул индейка ВК,0.0,47.0,шт,215.32,10120.0,81.42,8240.0,1.0,2.0,390.64,18360.0,,,,,,,,,,,,,,,
Онигурадзу Шеф,0.0,35.0,шт,292.57,10240.0,58.2,5960.0,1.0,1.0,462.86,16200.0,,,,,,,,,,,,,,,
Ролл том - ям / Ролл курица ШЕФ УМАМИ,0.0,105.0,шт,100.0,10500.0,45.05,4730.0,1.0,1.0,145.05,15230.0,,,,,,,,,,,,,,,
Чай в стакан,0.0,94.0,шт,8.48,797.47,1785.96,14242.53,2.0,1.0,160.0,15040.0,,,,,,,,,,,,,,,
Боул семга ВК,0.0,33.0,шт,325.0,10725.0,36.35,3899.0,1.0,1.0,443.15,14624.0,,,,,,,,,,,,,,,
Киш мясной СМАК,0.0,46.0,шт,166.2,7645.0,85.9,6567.0,1.0,1.0,308.96,14212.0,,,,,,,,,,,,,,,
Сосиска в тесте,0.0,108.0,шт,78.52,8480.0,67.39,5715.0,1.0,1.0,131.44,14195.0,,,,,,,,,,,,,,,
Киш с рыбой СМАК,0.0,40.0,шт,215.0,8600.0,61.48,5287.0,1.0,1.0,347.18,13887.0,,,,,,,,,,,,,,,
Салат Цезарь,0.0,39.0,шт,22.56,880.0,1451.14,12770.0,2.0,1.0,350.0,13650.0,,,,,,,,,,,,,,,
Какао,0.0,44.0,шт,48.93,2152.91,513.12,11047.09,2.0,1.0,300.0,13200.0,,,,,,,,,,,,,,,
Отбивная куриная ВК,0.0,31.0,шт,50.0,1550.0,719.68,11155.0,2.0,1.0,409.84,12705.0,,,,,,,,,,,,,,,
Капучино альт. М,0.0,44.0,шт,56.73,2496.25,393.54,9823.75,1.0,1.0,280.0,12320.0,,,,,,,,,,,,,,,
Натти 1кг,0.0,5.0,шт,,,,11895.0,2.0,1.0,2379.0,11895.0,,,,,,,,,,,,,,,
Эспрессо,0.0,83.0,шт,21.44,1779.27,553.08,9840.73,1.0,1.0,140.0,11620.0,,,,,,,,,,,,,,,
Макарон,0.0,62.0,шт,100.0,6200.0,79.03,4900.0,1.0,1.0,179.03,11100.0,,,,,,,,,,,,,,,
Чай Апельсин,0.0,38.0,шт,8.59,326.43,3159.5,10313.57,1.0,1.0,280.0,10640.0,,,,,,,,,,,,,,,
Сырники,0.0,32.0,шт,180.0,5760.0,66.6,3836.0,1.0,1.0,299.88,9596.0,,,,,,,,,,,,,,,
Эфиопия Иргачефф 1кг,0.0,4.0,шт,1495.0,5980.0,59.2,3540.0,,1.0,2380.0,9520.0,,,,,,,,,,,,,,,
Молоко / 50 гр,0.0,233.0,шт,92.0,21436.0,-56.52,-12116.0,-2.0,1.0,40.0,9320.0,,,,,,,,,,,,,,,
Блины с курицей и грибами,0.0,30.0,шт,170.0,5100.0,79.06,4032.0,1.0,1.0,304.4,9132.0,,,,,,,,,,,,,,,
Раф,0.0,30.0,шт,59.14,1774.27,407.25,7225.73,1.0,1.0,300.0,9000.0,,,,,,,,,,,,,,,
Чай Облепиха,0.0,32.0,шт,8.49,271.78,3196.78,8688.22,1.0,1.0,280.0,8960.0,,,,,,,,,,,,,,,
Трубочка со сгущенкой,0.0,54.0,шт,80.0,4320.0,97.11,4195.0,1.0,1.0,157.69,8515.0,,,,,,,,,,,,,,,
Флорал 1кг,0.0,3.0,шт,,,,8157.0,1.0,1.0,2719.0,8157.0,,,,,,,,,,,,,,,
Бэрри 1кг,0.0,3.0,шт,,,,7647.0,1.0,1.0,2549.0,7647.0,,,,,,,,,,,,,,,
Сок в бутылочке IL PRIMO 0.2 л,0.0,58.0,шт,59.02,3423.26,120.26,4116.74,1.0,1.0,130.0,7540.0,,,,,,,,,,,,,,,
Сироп / 20 гр,0.0,121.0,шт,0.02,2.05,354046.34,7257.95,1.0,1.0,60.0,7260.0,,,,,,,,,,,,,,,
Флорал 250,0.0,9.0,шт,442.0,3978.0,80.77,3213.0,,1.0,799.0,7191.0,,,,,,,,,,,,,,,
Умами ГРЕЧКА / РИС,0.0,19.0,шт,250.0,4750.0,50.0,2375.0,,1.0,375.0,7125.0,,,,,,,,,,,,,,,
Эфиопия Иргачефф 250,0.0,9.0,шт,393.3,3539.7,90.44,3201.3,,1.0,749.0,6741.0,,,,,,,,,,,,,,,
Фреш,0.0,17.0,шт,7.04,119.68,5013.64,6000.32,1.0,1.0,360.0,6120.0,,,,,,,,,,,,,,,
Муравейник,0.0,25.0,шт,120.0,3000.0,102.73,3082.0,,1.0,243.28,6082.0,,,,,,,,,,,,,,,
Кедровый Б,0.0,18.0,шт,53.68,966.22,514.77,4973.78,1.0,1.0,330.0,5940.0,,,,,,,,,,,,,,,
Флетуайт альт.,0.0,19.0,шт,67.61,1284.61,358.5,4605.39,1.0,1.0,310.0,5890.0,,,,,,,,,,,,,,,
Кедровый М,0.0,21.0,шт,43.57,914.91,542.69,4965.09,1.0,1.0,280.0,5880.0,,,,,,,,,,,,,,,
Чай Клюква,0.0,21.0,шт,8.52,178.99,3185.1,5701.01,1.0,1.0,280.0,5880.0,,,,,,,,,,,,,,,
Блины с ветчиной и сыром,0.0,21.0,шт,180.0,3780.0,54.76,2070.0,,1.0,278.57,5850.0,,,,,,,,,,,,,,,
Блины с творогом,0.0,20.0,шт,170.0,3400.0,66.65,2266.0,,,283.3,5666.0,,,,,,,,,,,,,,,
Брауни 1 кг,0.0,2.0,шт,1657.5,3315.0,64.04,2123.0,,,2719.0,5438.0,,,,,,,,,,,,,,,
Латте альт.,0.0,18.0,шт,74.44,1340.0,302.99,4060.0,1.0,,300.0,5400.0,,,,,,,,,,,,,,,
Чай Глинтвейн,0.0,19.0,шт,7.13,135.4,3829.1,5184.6,1.0,,280.0,5320.0,,,,,,,,,,,,,,,
Грибной крем суп,0.0,15.0,шт,175.0,2625.0,96.65,2537.0,,,344.13,5162.0,,,,,,,,,,,,,,,
"Дрип-пакеты Коста-Рика 2025, 12 шт",0.0,2.0,шт,,,,5000.0,1.0,,2500.0,5000.0,,,,,,,,,,,,,,,
Матча альт,0.0,13.0,шт,57.32,745.19,545.47,4064.81,1.0,,370.0,4810.0,,,,,,,,,,,,,,,
Бразилия Серрадо 1 кг,0.0,2.0,шт,1397.5,2795.0,70.23,1963.0,,,2379.0,4758.0,,,,,,,,,,,,,,,
Вупи пай,0.0,19.0,шт,120.0,2280.0,103.73,2365.0,,,244.47,4645.0,,,,,,,,,,,,,,,
Хорнет Горячий,0.0,14.0,шт,40.65,569.1,711.81,4050.9,1.0,,330.0,4620.0,,,,,,,,,,,,,,,
Салат Баклажан,0.0,13.0,шт,50.77,660.0,569.7,3760.0,1.0,,340.0,4420.0,,,,,,,,,,,,,,,
"Вода 0,5 газ / не газ",0.0,49.0,шт,14.91,730.4,503.78,3679.6,1.0,,90.0,4410.0,,,,,,,,,,,,,,,
Творожный / Морковный  КЕКС,0.0,37.0,шт,65.0,2405.0,77.13,1855.0,,,115.14,4260.0,,,,,,,,,,,,,,,
Пуэр в стакан ШАР,0.0,19.0,шт,7.21,136.93,2952.65,4043.07,1.0,,220.0,4180.0,,,,,,,,,,,,,,,
Рис индейка терияки ВК,0.0,12.0,шт,75.0,900.0,356.89,3212.0,,,342.67,4112.0,,,,,,,,,,,,,,,
Пирожное Шу,0.0,19.0,шт,120.0,2280.0,80.04,1825.0,,,216.05,4105.0,,,,,,,,,,,,,,,
Чай Имбирный,0.0,14.0,шт,8.54,119.55,3178.96,3800.45,1.0,,280.0,3920.0,,,,,,,,,,,,,,,
Трубочка с кремом,0.0,35.0,шт,70.0,2450.0,58.37,1430.0,,,110.86,3880.0,,,,,,,,,,,,,,,
Тарталетка Орех,0.0,14.0,шт,180.0,2520.0,47.3,1192.0,,,265.14,3712.0,,,,,,,,,,,,,,,
Бразилия Сульдеминас 250,0.0,5.0,шт,,,,3695.0,1.0,,739.0,3695.0,,,,,,,,,,,,,,,
Чай в Чайник,0.0,9.0,шт,,,,3600.0,,,400.0,3600.0,,,,,,,,,,,,,,,
Блины Том - ям,0.0,12.0,шт,200.0,2400.0,46.58,1118.0,,,293.17,3518.0,,,,,,,,,,,,,,,
Чизкейк САН СЕБАСТЬЯН / МАРАКУЙЯ,0.0,10.0,шт,200.0,2000.0,74.0,1480.0,,,348.0,3480.0,,,,,,,,,,,,,,,
Пряник на палочке,0.0,25.0,шт,55.0,1375.0,145.45,2000.0,,,135.0,3375.0,,,,,,,,,,,,,,,
Батончик ПП,0.0,21.0,шт,,,,3360.0,,,160.0,3360.0,,,,,,,,,,,,,,,
Натти 250,0.0,5.0,шт,377.0,1885.0,74.8,1410.0,,,659.0,3295.0,,,,,,,,,,,,,,,
Горячий шоколад,0.0,10.0,шт,47.75,477.45,570.23,2722.55,,,320.0,3200.0,,,,,,,,,,,,,,,
Брауни 250,0.0,4.0,шт,434.2,1736.8,84.02,1459.2,,,799.0,3196.0,,,,,,,,,,,,,,,
Фраппучино,0.0,8.0,шт,39.96,319.71,850.86,2720.29,,,380.0,3040.0,,,,,,,,,,,,,,,
Эфиопия Оромия 1кг,0.0,1.0,шт,,,,2889.0,,,2889.0,2889.0,,,,,,,,,,,,,,,
Кэнди 250,0.0,4.0,шт,409.5,1638.0,75.58,1238.0,,,719.0,2876.0,,,,,,,,,,,,,,,
Молочный шоколад БОЛЬШАЯ МЕДВЕДИЦА,0.0,5.0,шт,390.0,1950.0,46.15,900.0,,,570.0,2850.0,,,,,,,,,,,,,,,
Колумбия Богота 1 кг,0.0,1.0,шт,,,,2819.0,,,2819.0,2819.0,,,,,,,,,,,,,,,
Колумбия Декаф 250,0.0,3.0,шт,,,,2817.0,,,939.0,2817.0,,,,,,,,,,,,,,,
Хорнет Б,0.0,8.0,шт,39.97,319.77,750.61,2400.23,,,340.0,2720.0,,,,,,,,,,,,,,,
Кэнди 1 кг,0.0,1.0,шт,1560.0,1560.0,69.81,1089.0,,,2649.0,2649.0,,,,,,,,,,,,,,,
Руанда Кигали 250 гр,0.0,3.0,шт,,,,2637.0,,,879.0,2637.0,,,,,,,,,,,,,,,
Хорнет,0.0,9.0,шт,25.82,232.37,1023.21,2377.63,,,290.0,2610.0,,,,,,,,,,,,,,,
Кения Найроби 250 гр,0.0,3.0,шт,466.7,1400.1,86.2,1206.9,,,869.0,2607.0,,,,,,,,,,,,,,,
Эфиопия сидамо 250,0.0,3.0,шт,,,,2487.0,,,829.0,2487.0,,,,,,,,,,,,,,,
Доппио,0.0,11.0,шт,40.56,446.13,442.44,1973.87,,,220.0,2420.0,,,,,,,,,,,,,,,
Смузи Красный,0.0,6.0,шт,8.44,50.61,4630.29,2343.39,,,399.0,2394.0,,,,,,,,,,,,,,,
Эспрессо Тоник с лаймом Б,0.0,7.0,шт,49.44,346.05,587.76,2033.95,,,340.0,2380.0,,,,,,,,,,,,,,,
Бразилия серрадо 250,0.0,3.0,шт,369.2,1107.6,97.45,1079.4,,,729.0,2187.0,,,,,,,,,,,,,,,
Пряник раскраска,0.0,7.0,шт,185.0,1295.0,62.16,805.0,,,300.0,2100.0,,,,,,,,,,,,,,,
Субмарина МЕГА ДРИПЫ Бразилия Перископ Мармелада,0.0,3.0,шт,550.0,1650.0,25.45,420.0,,,690.0,2070.0,,,,,,,,,,,,,,,
Смузи Клубника-банан,0.0,5.0,шт,101.13,505.64,294.55,1489.36,,,399.0,1995.0,,,,,,,,,,,,,,,
Какао альт.,0.0,5.0,шт,64.37,321.86,490.32,1578.14,,,380.0,1900.0,,,,,,,,,,,,,,,
Американо декаф Б,0.0,7.0,шт,7.79,54.56,3107.48,1695.44,,,250.0,1750.0,,,,,,,,,,,,,,,
Кофе персонал,0.0,35.0,шт,19.87,695.45,151.64,1054.55,,,50.0,1750.0,,,,,,,,,,,,,,,
Батч-брю Лоукаф 250 гр,0.0,2.0,шт,,,,1698.0,,,849.0,1698.0,,,,,,,,,,,,,,,
Чай Рухуна 100 гр,0.0,4.0,шт,,,,1676.0,,,419.0,1676.0,,,,,,,,,,,,,,,
Колумбия Богота 250,0.0,2.0,шт,,,,1658.0,,,829.0,1658.0,,,,,,,,,,,,,,,
Молочный коктейль Б,0.0,5.0,шт,21.07,105.36,1466.06,1544.64,,,330.0,1650.0,,,,,,,,,,,,,,,
Темный шоколад УРАЛЬСКАЯ БРУСНИКА,0.0,3.0,шт,,,,1620.0,,,540.0,1620.0,,,,,,,,,,,,,,,
Капучино декаф альт. Б,0.0,4.0,шт,54.6,218.41,595.94,1301.59,,,380.0,1520.0,,,,,,,,,,,,,,,
Горячий шоколад в стружке МОЛОЧНЫЙ НА БАЗУ 59% (300 г),0.0,1.0,шт,,,,1510.0,,,1510.0,1510.0,,,,,,,,,,,,,,,
Фрутти 250,0.0,2.0,шт,,,,1498.0,,,749.0,1498.0,,,,,,,,,,,,,,,
Бэрри 250,0.0,2.0,шт,,,,1478.0,,,739.0,1478.0,,,,,,,,,,,,,,,
Латте декаф,0.0,5.0,шт,35.49,177.47,717.04,1272.53,,,290.0,1450.0,,,,,,,,,,,,,,,
Лимон / 10 гр,0.0,72.0,шт,,,,1440.0,,,20.0,1440.0,,,,,,,,,,,,,,,
Тарталетка Лимон,0.0,7.0,шт,120.0,840.0,70.24,590.0,,,204.29,1430.0,,,,,,,,,,,,,,,
"Шоколад  НА КУСЬ / Tasty, 5г",0.0,46.0,шт,,,,1380.0,,,30.0,1380.0,,,,,,,,,,,,,,,
Пицца 1 кус.,0.0,8.0,шт,115.0,920.0,48.59,447.0,,,170.88,1367.0,,,,,,,,,,,,,,,
Тыквенный пирог,0.0,5.0,шт,100.0,500.0,170.0,850.0,,,270.0,1350.0,,,,,,,,,,,,,,,
Субмарина Набор дрипов №24  / 16 шт,0.0,1.0,шт,980.0,980.0,30.61,300.0,,,1280.0,1280.0,,,,,,,,,,,,,,,
Дрип Бразилия Суль-де-Минас 10 шт,0.0,2.0,шт,,,,1238.0,,,619.0,1238.0,,,,,,,,,,,,,,,
Чайник Облепиховый,0.0,2.0,шт,1.28,2.56,46775.0,1197.44,,,600.0,1200.0,,,,,,,,,,,,,,,
Смузи Зеленый,0.0,3.0,шт,22.74,68.22,1654.62,1128.78,,,399.0,1197.0,,,,,,,,,,,,,,,
Эспрессо Тоник с лаймом,0.0,4.0,шт,30.71,122.82,844.47,1037.18,,,290.0,1160.0,,,,,,,,,,,,,,,
Лунго,0.0,8.0,шт,27.07,216.56,417.18,903.44,,,140.0,1120.0,,,,,,,,,,,,,,,
Дрип кофе в стакан,0.0,6.0,шт,9.52,57.1,1791.42,1022.9,,,180.0,1080.0,,,,,,,,,,,,,,,
Дрип микс 1 шт. TASTY,0.0,8.0,шт,,,,1080.0,,,135.0,1080.0,,,,,,,,,,,,,,,
Темный шоколад ПЕРУАНСКАЯ ВИШНЯ,0.0,2.0,шт,360.0,720.0,47.22,340.0,,,530.0,1060.0,,,,,,,,,,,,,,,
Мохито,0.0,3.0,шт,43.44,130.32,705.71,919.68,,,350.0,1050.0,,,,,,,,,,,,,,,
Темный шоколад МАНГО В КУБЕ,0.0,2.0,шт,370.0,740.0,37.84,280.0,,,510.0,1020.0,,,,,,,,,,,,,,,
Эспрессо тоник с сиропом Б,0.0,3.0,шт,41.71,125.12,715.22,894.88,,,340.0,1020.0,,,,,,,,,,,,,,,
Темный шоколад ПРЯНАЯ КЛУБНИКА,0.0,2.0,шт,,,,1000.0,,,500.0,1000.0,,,,,,,,,,,,,,,
Темный шоколад ЧАЙ С МАЛИНОЙ,0.0,2.0,шт,180.0,360.0,177.78,640.0,,,500.0,1000.0,,,,,,,,,,,,,,,
Капучино декаф альт. М,0.0,3.0,шт,38.0,113.99,768.5,876.01,,,330.0,990.0,,,,,,,,,,,,,,,
Лимонад,0.0,3.0,шт,14.49,43.46,2177.96,946.54,,,330.0,990.0,,,,,,,,,,,,,,,
Молочный шоколад ТАЙНА ВОНКИ,0.0,2.0,шт,350.0,700.0,37.14,260.0,,,480.0,960.0,,,,,,,,,,,,,,,
Боржоми,0.0,5.0,шт,,,,950.0,,,190.0,950.0,,,,,,,,,,,,,,,
Кения Маунт 250 гр,0.0,1.0,шт,,,,929.0,,,929.0,929.0,,,,,,,,,,,,,,,
Айс Латте,0.0,3.0,шт,56.09,168.27,434.85,731.73,,,300.0,900.0,,,,,,,,,,,,,,,
Улун в стакан,0.0,4.0,шт,7.44,29.77,2856.0,850.23,,,220.0,880.0,,,,,,,,,,,,,,,
Американо альт. Б,0.0,3.0,шт,47.48,142.45,510.74,727.55,,,290.0,870.0,,,,,,,,,,,,,,,
Дрип Коста-Рика Вара Бланка / 10 шт,0.0,1.0,шт,,,,864.0,,,864.0,864.0,,,,,,,,,,,,,,,
Руанда Киву 250 гр,0.0,1.0,шт,,,,860.0,,,860.0,860.0,,,,,,,,,,,,,,,
Гватемала Сантьяго 250,0.0,1.0,шт,,,,849.0,,,849.0,849.0,,,,,,,,,,,,,,,
Гватемала Фуэго 250,0.0,1.0,шт,425.8,425.8,99.39,423.2,,,849.0,849.0,,,,,,,,,,,,,,,
Субмарина МЕГА ДРИПЫ Эфиопия Челбеса,0.0,1.0,шт,650.0,650.0,26.15,170.0,,,820.0,820.0,,,,,,,,,,,,,,,
Чай Лимон с имбирем 100 гр,0.0,2.0,шт,,,,778.0,,,389.0,778.0,,,,,,,,,,,,,,,
Орешки кедр / 8 гр,0.0,11.0,шт,,,,770.0,,,70.0,770.0,,,,,,,,,,,,,,,
Хани 250 гр,0.0,1.0,шт,418.0,418.0,83.97,351.0,,,769.0,769.0,,,,,,,,,,,,,,,
Кофе СССР,0.0,3.0,шт,9.09,27.28,2649.27,722.72,,,250.0,750.0,,,,,,,,,,,,,,,
Кофе альт молоко М персонал,0.0,8.0,шт,52.62,420.92,71.05,299.08,,,90.0,720.0,,,,,,,,,,,,,,,
Чай «Посконный» конопля + хмель 80 гр,0.0,1.0,шт,426.0,426.0,66.67,284.0,,,710.0,710.0,,,,,,,,,,,,,,,
Капучино декаф М,0.0,3.0,шт,25.94,77.81,786.78,612.19,,,230.0,690.0,,,,,,,,,,,,,,,
Дрип Эфиопия Сидамо (10 шт),0.0,1.0,шт,,,,669.0,,,669.0,669.0,,,,,,,,,,,,,,,
АЙС ТИ,0.0,2.0,шт,9.58,19.16,3344.68,640.84,,,330.0,660.0,,,,,,,,,,,,,,,
Чай Облепиха АЙС,0.0,2.0,шт,7.3,14.59,4423.65,645.41,,,330.0,660.0,,,,,,,,,,,,,,,
Кофе с молоком персонал М,0.0,8.0,шт,111.87,894.96,-28.49,-254.96,,,80.0,640.0,,,,,,,,,,,,,,,
Матча,0.0,2.0,шт,36.27,72.53,782.39,567.47,,,320.0,640.0,,,,,,,,,,,,,,,
Субмарина Бразилия Перископ Мармелада 200 гр,0.0,1.0,шт,460.0,460.0,36.96,170.0,,,630.0,630.0,,,,,,,,,,,,,,,
Чай «Дивный» 80 гр,0.0,1.0,шт,360.0,360.0,66.67,240.0,,,600.0,600.0,,,,,,,,,,,,,,,
Чай «Радость» 80 гр,0.0,1.0,шт,360.0,360.0,66.67,240.0,,,600.0,600.0,,,,,,,,,,,,,,,
Чайник Пуэр ШАР,0.0,1.0,шт,,,,600.0,,,600.0,600.0,,,,,,,,,,,,,,,
Шоколад Индонезия West Bali 100 %,0.0,1.0,шт,400.0,400.0,45.0,180.0,,,580.0,580.0,,,,,,,,,,,,,,,
Шоколад Колумбия ANEI 100 %,0.0,1.0,шт,400.0,400.0,45.0,180.0,,,580.0,580.0,,,,,,,,,,,,,,,
Молочный шоколад неДубайский,0.0,1.0,шт,400.0,400.0,40.0,160.0,,,560.0,560.0,,,,,,,,,,,,,,,
Шоколад 100% Доминикана,0.0,1.0,шт,410.0,410.0,36.59,150.0,,,560.0,560.0,,,,,,,,,,,,,,,
Альтернативное молоко / 50 гр,0.0,6.0,шт,7.77,46.63,1058.05,493.37,,,90.0,540.0,,,,,,,,,,,,,,,
Молочный шоколад КАПУЧИНО НА КОКОСЕ,0.0,1.0,шт,,,,540.0,,,540.0,540.0,,,,,,,,,,,,,,,
Молочный шоколад КАРАМЕЛЬНЫЙ LEMON CURD,0.0,1.0,шт,350.0,350.0,45.71,160.0,,,510.0,510.0,,,,,,,,,,,,,,,
Доппио декаф,0.0,2.0,шт,8.41,16.82,2872.65,483.18,,,250.0,500.0,,,,,,,,,,,,,,,
Плитка  КЛУБНИЧНЫЙ СОРБЕТ Б.ш. / 50 гр,0.0,1.0,шт,,,,500.0,,,500.0,500.0,,,,,,,,,,,,,,,
Темный шоколад НА ЭРИТРИТЕ 70%,0.0,1.0,шт,,,,500.0,,,500.0,500.0,,,,,,,,,,,,,,,
Темный шоколад ТАИЛАНД 68%,0.0,1.0,шт,,,,500.0,,,500.0,500.0,,,,,,,,,,,,,,,
Чай «Шуликун» 80 гр,0.0,1.0,шт,300.0,300.0,66.67,200.0,,,500.0,500.0,,,,,,,,,,,,,,,
Чайник Улун,0.0,1.0,шт,,,,500.0,,,500.0,500.0,,,,,,,,,,,,,,,
Темный шоколад ОРЕХОВЫЙ ВАЙБ,0.0,1.0,шт,350.0,350.0,40.0,140.0,,,490.0,490.0,,,,,,,,,,,,,,,
Белый шоколад ВАНИЛЬНОЕ НЕБО,0.0,1.0,шт,350.0,350.0,37.14,130.0,,,480.0,480.0,,,,,,,,,,,,,,,
Сливки / 50 гр,0.0,8.0,шт,3.36,26.85,1687.71,453.15,,,60.0,480.0,,,,,,,,,,,,,,,
Темный шоколад ЛИМОННЫЙ БАЗИЛИК,0.0,1.0,шт,350.0,350.0,37.14,130.0,,,480.0,480.0,,,,,,,,,,,,,,,
Молочный шоколад Доминикана Око-Caribe 59 %,0.0,1.0,шт,320.0,320.0,46.88,150.0,,,470.0,470.0,,,,,,,,,,,,,,,
Чай «Дед» 80 гр,0.0,1.0,шт,276.0,276.0,66.67,184.0,,,460.0,460.0,,,,,,,,,,,,,,,
Чай Черная смородина 100 гр,0.0,1.0,шт,,,,420.0,,,420.0,420.0,,,,,,,,,,,,,,,
Чай липовый 100 гр.,0.0,1.0,шт,,,,389.0,,,389.0,389.0,,,,,,,,,,,,,,,
Раф декаф,0.0,1.0,шт,7.38,7.38,4913.55,362.62,,,370.0,370.0,,,,,,,,,,,,,,,
"Чай с пряностями ""Чай-Глинтвейн"" 50 гр",0.0,1.0,шт,216.0,216.0,66.67,144.0,,,360.0,360.0,,,,,,,,,,,,,,,
Чай «Таёжный» 50 гр,0.0,1.0,шт,180.0,180.0,66.67,120.0,,,300.0,300.0,,,,,,,,,,,,,,,
Капучино декаф Б,0.0,1.0,шт,36.63,36.63,691.7,253.37,,,290.0,290.0,,,,,,,,,,,,,,,
Эспрессо тоник с сиропом,0.0,1.0,шт,26.59,26.59,990.64,263.41,,,290.0,290.0,,,,,,,,,,,,,,,
Американо АЙС,0.0,1.0,шт,39.13,39.13,615.56,240.87,,,280.0,280.0,,,,,,,,,,,,,,,
Чай «Обитель» 50 гр,0.0,1.0,шт,150.0,150.0,66.67,100.0,,,250.0,250.0,,,,,,,,,,,,,,,
Американо альт. М,0.0,1.0,шт,34.91,34.91,501.55,175.09,,,210.0,210.0,,,,,,,,,,,,,,,
Пуэр бомбочка,0.0,1.0,шт,,,,160.0,,,160.0,160.0,,,,,,,,,,,,,,,
Стакан пластик 300 мл,0.0,2.0,шт,5.68,11.36,604.23,68.64,,,40.0,80.0,,,,,,,,,,,,,,,
Маршмелоу / 6 гр,0.0,1.0,шт,,,,50.0,,,50.0,50.0,,,,,,,,,,,,,,,
Молоко персонал,0.0,1.0,шт,92.0,92.0,-61.96,-57.0,,,35.0,35.0,,,,,,,,,,,,,,,
Мята / 2-3 лист.,0.0,3.0,шт,,,,30.0,,,10.0,30.0,,,,,,,,,,,,,,,
Пакет крафт,0.0,1.0,шт,8.4,8.4,197.62,16.6,,,25.0,25.0,,,,,,,,,,,,,,,
Стакан 250 (персонал),0.0,2.0,шт,4.96,9.92,41.13,4.08,,,7.0,14.0,,,,,,,,,,,,,,,
Стакан 350 (персонал),0.0,1.0,шт,6.1,6.1,14.75,0.9,,,7.0,7.0,,,,,,,,,,,,,,,
Настройка помола двойник,0.0,13.0,шт,30.42,395.46,-100.0,-395.46,,,,,,,,,,,,,,,,,,,
Настройка помола одинарная,0.0,6.0,шт,20.28,121.68,-100.0,-121.68,,,,,,,,,,,,,,,,,,,
"Карьерный пер., д. 15/24",0.0,2702.0,,91.46,247114.08,159.13,393223.92,26.0,27.0,236.99,640338.0,,,,,,,,,,,,,,,
Латте,0.0,167.0,шт,55.21,9219.39,298.51,27520.61,7.0,6.0,220.0,36740.0,,,,,,,,,,,,,,,
Десерт 350,0.0,109.0,шт,184.4,20100.0,81.8,16442.0,4.0,6.0,335.25,36542.0,,,,,,,,,,,,,,,
Большой Капучино,0.0,136.0,шт,67.83,9224.27,268.59,24775.73,6.0,5.0,250.0,34000.0,,,,,,,,,,,,,,,
Капучино,0.0,166.0,шт,43.39,7203.13,337.87,24336.87,6.0,5.0,190.0,31540.0,,,,,,,,,,,,,,,
Сэндвич,0.0,87.0,шт,250.0,21750.0,38.33,8336.0,2.0,5.0,345.82,30086.0,,,,,,,,,,,,,,,
Американо,0.0,194.0,шт,25.97,5037.36,439.17,22122.64,6.0,4.0,140.0,27160.0,,,,,,,,,,,,,,,
Моти,0.0,98.0,шт,120.0,11760.0,80.78,9500.0,2.0,3.0,216.94,21260.0,,,,,,,,,,,,,,,
Онигурадзу семга/ краб/ креветка,0.0,38.0,шт,250.0,9500.0,70.12,6661.0,2.0,3.0,425.29,16161.0,,,,,,,,,,,,,,,
Ролл креветка ВК,0.0,42.0,шт,240.0,10080.0,54.17,5460.0,1.0,2.0,370.0,15540.0,,,,,,,,,,,,,,,
Большой американо,0.0,69.0,шт,39.96,2757.41,450.52,12422.59,3.0,2.0,220.0,15180.0,,,,,,,,,,,,,,,
Флетуайт,0.0,58.0,шт,57.28,3322.06,319.02,10597.94,3.0,2.0,240.0,13920.0,,,,,,,,,,,,,,,
Ролл Индейка ВК,0.0,40.0,шт,220.0,8800.0,48.11,4234.0,1.0,2.0,325.85,13034.0,,,,,,,,,,,,,,,
Раф,0.0,38.0,шт,89.84,3414.02,233.92,7985.98,2.0,2.0,300.0,11400.0,,,,,,,,,,,,,,,
Ролл Курица ВК,0.0,32.0,шт,220.0,7040.0,47.64,3354.0,1.0,2.0,324.81,10394.0,,,,,,,,,,,,,,,
Соба / Удон с курицей Мфуд,0.0,29.0,шт,194.48,5640.0,72.52,4090.0,1.0,2.0,335.52,9730.0,,,,,,,,,,,,,,,
Онигурадзу Шеф,0.0,19.0,шт,312.63,5940.0,50.84,3020.0,1.0,1.0,471.58,8960.0,,,,,,,,,,,,,,,
Чай в стакан,0.0,56.0,шт,9.95,556.98,1508.68,8403.02,2.0,1.0,160.0,8960.0,,,,,,,,,,,,,,,
Чай Облепиха,0.0,28.0,шт,9.95,278.49,2715.18,7561.51,2.0,1.0,280.0,7840.0,,,,,,,,,,,,,,,
Чай Апельсин,0.0,27.0,шт,26.75,722.12,946.92,6837.88,2.0,1.0,280.0,7560.0,,,,,,,,,,,,,,,
Вупи пай,0.0,30.0,шт,120.0,3600.0,105.42,3795.0,1.0,1.0,246.5,7395.0,,,,,,,,,,,,,,,
Трубочка со сгущенкой,0.0,44.0,шт,80.0,3520.0,106.68,3755.0,1.0,1.0,165.34,7275.0,,,,,,,,,,,,,,,
Киш мясной СМАК,0.0,26.0,шт,165.19,4295.0,65.45,2811.0,1.0,1.0,273.31,7106.0,,,,,,,,,,,,,,,
Пирожное Шу,0.0,32.0,шт,120.0,3840.0,81.9,3145.0,1.0,1.0,218.28,6985.0,,,,,,,,,,,,,,,
Какао,0.0,23.0,шт,45.02,1035.45,566.38,5864.55,1.0,1.0,300.0,6900.0,,,,,,,,,,,,,,,
Сироп / 20 гр,0.0,95.0,шт,16.8,1596.0,257.14,4104.0,1.0,1.0,60.0,5700.0,,,,,,,,,,,,,,,
Макарон,0.0,31.0,шт,100.0,3100.0,80.0,2480.0,1.0,1.0,180.0,5580.0,,,,,,,,,,,,,,,
Фокачча,0.0,17.0,шт,218.82,3720.0,47.37,1762.0,,1.0,322.47,5482.0,,,,,,,,,,,,,,,
Чиабатта,0.0,19.0,шт,180.26,3425.0,59.56,2040.0,1.0,1.0,287.63,5465.0,,,,,,,,,,,,,,,
Сосиска в тесте,0.0,41.0,шт,78.29,3210.0,65.58,2105.0,1.0,1.0,129.63,5315.0,,,,,,,,,,,,,,,
Боул семга ВК,0.0,12.0,шт,270.83,3250.0,58.83,1912.0,,1.0,430.17,5162.0,,,,,,,,,,,,,,,
Латте альт.,0.0,17.0,шт,27.13,461.22,1005.76,4638.78,1.0,1.0,300.0,5100.0,,,,,,,,,,,,,,,
Капучино альт. М,0.0,17.0,шт,27.19,462.23,929.79,4297.77,1.0,1.0,280.0,4760.0,,,,,,,,,,,,,,,
Бразилия Серрадо 1 кг,0.0,2.0,шт,698.75,1397.5,240.47,3360.5,1.0,1.0,2379.0,4758.0,,,,,,,,,,,,,,,
Блины с курицей и грибами,0.0,16.0,шт,170.0,2720.0,70.88,1928.0,,1.0,290.5,4648.0,,,,,,,,,,,,,,,
Капучино альт. Б,0.0,14.0,шт,39.16,548.21,742.74,4071.79,1.0,1.0,330.0,4620.0,,,,,,,,,,,,,,,
Блины с ветчиной и сыром,0.0,16.0,шт,180.0,2880.0,55.56,1600.0,,1.0,280.0,4480.0,,,,,,,,,,,,,,,
Хорнет Б,0.0,13.0,шт,51.21,665.73,563.93,3754.27,1.0,1.0,340.0,4420.0,,,,,,,,,,,,,,,
Молоко / 50 гр,0.0,108.0,шт,92.0,9936.0,-56.52,-5616.0,-1.0,1.0,40.0,4320.0,,,,,,,,,,,,,,,
Боул индейка ВК,0.0,11.0,шт,230.0,2530.0,69.96,1770.0,,1.0,390.91,4300.0,,,,,,,,,,,,,,,
Творожный / Морковный  КЕКС,0.0,36.0,шт,65.0,2340.0,77.22,1807.0,,1.0,115.19,4147.0,,,,,,,,,,,,,,,
Бразилия серрадо 250,0.0,5.0,шт,221.52,1107.6,229.09,2537.4,1.0,1.0,729.0,3645.0,,,,,,,,,,,,,,,
Сырники,0.0,12.0,шт,180.0,2160.0,68.61,1482.0,,1.0,303.5,3642.0,,,,,,,,,,,,,,,
Сок в бутылочке IL PRIMO 0.2 л,0.0,27.0,шт,,,,3510.0,1.0,1.0,130.0,3510.0,,,,,,,,,,,,,,,
Чизкейк САН СЕБАСТЬЯН / МАРАКУЙЯ,0.0,10.0,шт,200.0,2000.0,74.0,1480.0,,1.0,348.0,3480.0,,,,,,,,,,,,,,,
Блины Том - ям,0.0,11.0,шт,200.0,2200.0,57.45,1264.0,,1.0,314.91,3464.0,,,,,,,,,,,,,,,
Фраппучино,0.0,9.0,шт,51.49,463.41,638.01,2956.59,1.0,1.0,380.0,3420.0,,,,,,,,,,,,,,,
Кедровый Б,0.0,10.0,шт,54.02,540.21,510.87,2759.79,1.0,1.0,330.0,3300.0,,,,,,,,,,,,,,,
Муравейник,0.0,13.0,шт,120.0,1560.0,108.33,1690.0,,1.0,250.0,3250.0,,,,,,,,,,,,,,,
Отбивная куриная ВК,0.0,9.0,шт,275.56,2480.0,31.05,770.0,,1.0,361.11,3250.0,,,,,,,,,,,,,,,
Чай в Чайник,0.0,8.0,шт,,,,3200.0,1.0,,400.0,3200.0,,,,,,,,,,,,,,,
Флорал 250,0.0,4.0,шт,110.5,442.0,623.08,2754.0,1.0,,799.0,3196.0,,,,,,,,,,,,,,,
Блины с творогом,0.0,11.0,шт,170.0,1870.0,66.31,1240.0,,,282.73,3110.0,,,,,,,,,,,,,,,
Салат Цезарь,0.0,9.0,шт,171.11,1540.0,98.83,1522.0,,,340.22,3062.0,,,,,,,,,,,,,,,
Чайник Облепиховый,0.0,5.0,шт,1.28,6.4,46775.0,2993.6,1.0,,600.0,3000.0,,,,,,,,,,,,,,,
Киш с рыбой СМАК,0.0,9.0,шт,215.0,1935.0,47.86,926.0,,,317.89,2861.0,,,,,,,,,,,,,,,
Эспрессо,0.0,20.0,шт,20.14,402.72,595.27,2397.28,1.0,,140.0,2800.0,,,,,,,,,,,,,,,
Натти 250,0.0,4.0,шт,377.0,1508.0,74.8,1128.0,,,659.0,2636.0,,,,,,,,,,,,,,,
Салат Баклажан,0.0,8.0,шт,192.5,1540.0,67.66,1042.0,,,322.75,2582.0,,,,,,,,,,,,,,,
Кедровый М,0.0,9.0,шт,42.37,381.34,560.83,2138.66,1.0,,280.0,2520.0,,,,,,,,,,,,,,,
Чай Глинтвейн,0.0,9.0,шт,25.46,229.18,999.57,2290.82,1.0,,280.0,2520.0,,,,,,,,,,,,,,,
Молочный коктейль Б,0.0,7.0,шт,16.1,112.7,1949.69,2197.3,1.0,,330.0,2310.0,,,,,,,,,,,,,,,
Эфиопия Иргачефф 250,0.0,3.0,шт,,,,2247.0,1.0,,749.0,2247.0,,,,,,,,,,,,,,,
Горячий шоколад,0.0,7.0,шт,36.63,256.43,773.53,1983.57,1.0,,320.0,2240.0,,,,,,,,,,,,,,,
Чай Клюква,0.0,8.0,шт,9.95,79.57,2715.13,2160.43,1.0,,280.0,2240.0,,,,,,,,,,,,,,,
Бразилия Сульдеминас 250,0.0,3.0,шт,,,,2217.0,1.0,,739.0,2217.0,,,,,,,,,,,,,,,
Ролл том - ям / Ролл курица ШЕФ УМАМИ,0.0,16.0,шт,100.0,1600.0,38.0,608.0,,,138.0,2208.0,,,,,,,,,,,,,,,
Улун в стакан,0.0,10.0,шт,9.95,99.46,2111.94,2100.54,1.0,,220.0,2200.0,,,,,,,,,,,,,,,
Тарталетка Орех,0.0,9.0,шт,180.0,1620.0,33.21,538.0,,,239.78,2158.0,,,,,,,,,,,,,,,
Хорнет,0.0,7.0,шт,37.69,263.83,669.43,1766.17,,,290.0,2030.0,,,,,,,,,,,,,,,
Флетуайт альт.,0.0,6.0,шт,49.54,297.21,525.82,1562.79,,,310.0,1860.0,,,,,,,,,,,,,,,
Фреш,0.0,5.0,шт,2.3,11.5,15552.17,1788.5,,,360.0,1800.0,,,,,,,,,,,,,,,
Умами ГРЕЧКА / РИС,0.0,5.0,шт,250.0,1250.0,42.48,531.0,,,356.2,1781.0,,,,,,,,,,,,,,,
Пряник на палочке,0.0,13.0,шт,55.0,715.0,145.45,1040.0,,,135.0,1755.0,,,,,,,,,,,,,,,
Колумбия Уила 250,0.0,2.0,шт,,,,1718.0,,,859.0,1718.0,,,,,,,,,,,,,,,
Матча айс альт.,0.0,4.0,шт,2.42,9.69,16824.66,1630.31,,,410.0,1640.0,,,,,,,,,,,,,,,
Тыквенный пирог,0.0,6.0,шт,100.0,600.0,170.0,1020.0,,,270.0,1620.0,,,,,,,,,,,,,,,
Дрип микс (Подарочный набор),0.0,1.0,упак,,,,1619.0,,,1619.0,1619.0,,,,,,,,,,,,,,,
Брауни 250,0.0,2.0,шт,434.2,868.4,84.02,729.6,,,799.0,1598.0,,,,,,,,,,,,,,,
Доппио,0.0,7.0,шт,40.65,284.58,441.15,1255.42,,,220.0,1540.0,,,,,,,,,,,,,,,
Хани 250 гр,0.0,2.0,шт,418.0,836.0,83.97,702.0,,,769.0,1538.0,,,,,,,,,,,,,,,
Батончик ПП,0.0,11.0,шт,,,,1520.0,,,138.18,1520.0,,,,,,,,,,,,,,,
Какао альт.,0.0,4.0,шт,26.45,105.79,1336.81,1414.21,,,380.0,1520.0,,,,,,,,,,,,,,,
Айс Латте,0.0,5.0,шт,48.82,244.1,514.5,1255.9,,,300.0,1500.0,,,,,,,,,,,,,,,
Пряник раскраска,0.0,5.0,шт,185.0,925.0,62.16,575.0,,,300.0,1500.0,,,,,,,,,,,,,,,
Чайник Улун,0.0,3.0,шт,,,,1500.0,,,500.0,1500.0,,,,,,,,,,,,,,,
UNICAVA Горячий шоколад / Какао в стакан,0.0,4.0,шт,28.35,113.39,1134.68,1286.61,,,350.0,1400.0,,,,,,,,,,,,,,,
Грибной крем суп,0.0,4.0,шт,175.0,700.0,100.0,700.0,,,350.0,1400.0,,,,,,,,,,,,,,,
Тарталетка Лимон,0.0,7.0,шт,120.0,840.0,63.69,535.0,,,196.43,1375.0,,,,,,,,,,,,,,,
Эспрессо Тоник с лаймом Б,0.0,4.0,шт,59.41,237.62,472.34,1122.38,,,340.0,1360.0,,,,,,,,,,,,,,,
Лимонад,0.0,4.0,шт,47.59,190.36,593.42,1129.64,,,330.0,1320.0,,,,,,,,,,,,,,,
Пуэр в стакан ШАР,0.0,6.0,шт,8.67,52.0,2438.46,1268.0,,,220.0,1320.0,,,,,,,,,,,,,,,
Рис индейка терияки ВК,0.0,4.0,шт,225.0,900.0,41.67,375.0,,,318.75,1275.0,,,,,,,,,,,,,,,
Матча 100 гр,0.0,1.0,шт,,,,1259.0,,,1259.0,1259.0,,,,,,,,,,,,,,,
Кофе СССР,0.0,5.0,шт,9.95,49.73,2413.57,1200.27,,,250.0,1250.0,,,,,,,,,,,,,,,
Дрип Бразилия Суль-де-Минас 10 шт,0.0,2.0,шт,,,,1238.0,,,619.0,1238.0,,,,,,,,,,,,,,,
"Вода Байкал 0,45 л",0.0,10.0,шт,,,,1200.0,,,120.0,1200.0,,,,,,,,,,,,,,,
Сок стакан на розлив,0.0,10.0,шт,7.0,70.0,1614.29,1130.0,,,120.0,1200.0,,,,,,,,,,,,,,,
Смузи Клубника-банан,0.0,3.0,шт,111.1,333.3,259.14,863.7,,,399.0,1197.0,,,,,,,,,,,,,,,
Латте декаф,0.0,4.0,шт,37.55,150.19,672.36,1009.81,,,290.0,1160.0,,,,,,,,,,,,,,,
Эспрессо Тоник с лаймом,0.0,4.0,шт,35.33,141.33,720.77,1018.67,,,290.0,1160.0,,,,,,,,,,,,,,,
Мохито,0.0,3.0,шт,20.61,61.82,1598.48,988.18,,,350.0,1050.0,,,,,,,,,,,,,,,
Темный шоколад НА ЭРИТРИТЕ 70%,0.0,2.0,шт,,,,1000.0,,,500.0,1000.0,,,,,,,,,,,,,,,
Хорнет Горячий,0.0,3.0,шт,52.03,156.09,534.25,833.91,,,330.0,990.0,,,,,,,,,,,,,,,
Орешки кедр / 8 гр,0.0,14.0,шт,,,,980.0,,,70.0,980.0,,,,,,,,,,,,,,,
Матча,0.0,3.0,шт,37.55,112.64,752.27,847.36,,,320.0,960.0,,,,,,,,,,,,,,,
Перу Ла Сидра 250 гр,0.0,1.0,шт,,,,949.0,,,949.0,949.0,,,,,,,,,,,,,,,
Молочный горячий шоколад Tasty,0.0,1.0,шт,,,,929.0,,,929.0,929.0,,,,,,,,,,,,,,,
Капучино декаф М,0.0,4.0,шт,26.03,104.11,783.68,815.89,,,230.0,920.0,,,,,,,,,,,,,,,
Субмарина МЕГА ДРИПЫ Симс / 6 шт,0.0,1.0,шт,790.0,790.0,12.66,100.0,,,890.0,890.0,,,,,,,,,,,,,,,
Дрип Микролот Tasty (85+) / в стакан,0.0,4.0,шт,9.95,39.78,2112.17,840.22,,,220.0,880.0,,,,,,,,,,,,,,,
Кофе с молоком персонал М,0.0,11.0,шт,111.87,1230.57,-28.49,-350.57,,,80.0,880.0,,,,,,,,,,,,,,,
Фанки 250,0.0,1.0,шт,,,,879.0,,,879.0,879.0,,,,,,,,,,,,,,,
Американо альт. Б,0.0,3.0,шт,42.06,126.17,589.55,743.83,,,290.0,870.0,,,,,,,,,,,,,,,
Коста Рика сан Хосе 250,0.0,1.0,шт,434.2,434.2,95.53,414.8,,,849.0,849.0,,,,,,,,,,,,,,,
Флетуайт декаф,0.0,3.0,шт,26.94,80.82,939.35,759.18,,,280.0,840.0,,,,,,,,,,,,,,,
Чай Рухуна 100 гр,0.0,2.0,шт,,,,838.0,,,419.0,838.0,,,,,,,,,,,,,,,
Субмарина МЕГА ДРИПЫ Эфиопия Челбеса,0.0,1.0,шт,650.0,650.0,26.15,170.0,,,820.0,820.0,,,,,,,,,,,,,,,
"Дрип Кения Гитуара, 10 шт",0.0,1.0,шт,,,,819.0,,,819.0,819.0,,,,,,,,,,,,,,,
Эфиопия гуджи 250,0.0,1.0,шт,,,,819.0,,,819.0,819.0,,,,,,,,,,,,,,,
Капучино Альт. Холод,0.0,2.0,шт,51.21,102.42,661.57,677.58,,,390.0,780.0,,,,,,,,,,,,,,,
Бэрри 250,0.0,1.0,шт,,,,739.0,,,739.0,739.0,,,,,,,,,,,,,,,
"Вода 0,5 газ / не газ",0.0,8.0,шт,,,,720.0,,,90.0,720.0,,,,,,,,,,,,,,,
Трубочка с кремом,0.0,8.0,шт,70.0,560.0,28.57,160.0,,,90.0,720.0,,,,,,,,,,,,,,,
Кэнди 250,0.0,1.0,шт,409.5,409.5,75.58,309.5,,,719.0,719.0,,,,,,,,,,,,,,,
Лимон / 10 гр,0.0,34.0,шт,,,,680.0,,,20.0,680.0,,,,,,,,,,,,,,,
Эспрессо тоник с сиропом Б,0.0,2.0,шт,71.47,142.94,375.72,537.06,,,340.0,680.0,,,,,,,,,,,,,,,
Чай Облепиха АЙС,0.0,2.0,шт,2.3,4.6,14247.83,655.4,,,330.0,660.0,,,,,,,,,,,,,,,
"Чай ""Закатный ветер"" 80 гр",0.0,1.0,шт,,,,650.0,,,650.0,650.0,,,,,,,,,,,,,,,
Чай «Леший» с мухомором 80 гр,0.0,1.0,шт,390.0,390.0,66.67,260.0,,,650.0,650.0,,,,,,,,,,,,,,,
Чай «Зов Духа» 80 гр,0.0,1.0,шт,360.0,360.0,66.67,240.0,,,600.0,600.0,,,,,,,,,,,,,,,
Чайник Имбирный,0.0,1.0,шт,16.8,16.8,3471.43,583.2,,,600.0,600.0,,,,,,,,,,,,,,,
Чайник Клюквенный,0.0,1.0,шт,1.28,1.28,46775.0,598.72,,,600.0,600.0,,,,,,,,,,,,,,,
Дрип Бэрри 10 шт,0.0,1.0,шт,,,,579.0,,,579.0,579.0,,,,,,,,,,,,,,,
Темный шоколад Индонезия Ransiki 70 %,0.0,1.0,шт,380.0,380.0,47.37,180.0,,,560.0,560.0,,,,,,,,,,,,,,,
Чай Имбирный,0.0,2.0,шт,26.75,53.5,946.73,506.5,,,280.0,560.0,,,,,,,,,,,,,,,
"Чай ""Женьшень улун"" 100 гр",0.0,1.0,шт,195.0,195.0,182.05,355.0,,,550.0,550.0,,,,,,,,,,,,,,,
"Чай ""Иван в красном халате"" 80 гр",0.0,1.0,шт,,,,550.0,,,550.0,550.0,,,,,,,,,,,,,,,
Дрип кофе в стакан,0.0,3.0,шт,9.95,29.85,1709.05,510.15,,,180.0,540.0,,,,,,,,,,,,,,,
Кофе альт молоко М персонал,0.0,6.0,шт,26.3,157.81,242.18,382.19,,,90.0,540.0,,,,,,,,,,,,,,,
Темный шоколад УРАЛЬСКАЯ БРУСНИКА,0.0,1.0,шт,,,,540.0,,,540.0,540.0,,,,,,,,,,,,,,,
"Шоколад  НА КУСЬ / Tasty, 5г",0.0,18.0,шт,,,,540.0,,,30.0,540.0,,,,,,,,,,,,,,,
Молочный шоколад КАРАМЕЛЬНЫЙ LEMON CURD,0.0,1.0,шт,350.0,350.0,45.71,160.0,,,510.0,510.0,,,,,,,,,,,,,,,
Темный шоколад 70% ДОМИНИКАНА,0.0,1.0,шт,360.0,360.0,41.67,150.0,,,510.0,510.0,,,,,,,,,,,,,,,
Темный шоколад МАНГО В КУБЕ,0.0,1.0,шт,370.0,370.0,37.84,140.0,,,510.0,510.0,,,,,,,,,,,,,,,
Плитка РАФАЭЛЬ  Б.ш. / 50 гр,0.0,1.0,шт,,,,500.0,,,500.0,500.0,,,,,,,,,,,,,,,
Темный шоколад ВЬЕТНАМ OCA 70%,0.0,1.0,шт,370.0,370.0,35.14,130.0,,,500.0,500.0,,,,,,,,,,,,,,,
Темный шоколад ПРЯНАЯ КЛУБНИКА,0.0,1.0,шт,,,,500.0,,,500.0,500.0,,,,,,,,,,,,,,,
Чай Тегуанинь 100 гр,0.0,1.0,шт,215.0,215.0,132.56,285.0,,,500.0,500.0,,,,,,,,,,,,,,,
Темный шоколад ОРЕХОВЫЙ ВАЙБ,0.0,1.0,шт,350.0,350.0,40.0,140.0,,,490.0,490.0,,,,,,,,,,,,,,,
Плитка ГОНДУРАС М. ш. / 50 гр,0.0,1.0,шт,,,,450.0,,,450.0,450.0,,,,,,,,,,,,,,,
Плитка ТАЙНА ВОНКИ / 50 гр,0.0,1.0,шт,,,,450.0,,,450.0,450.0,,,,,,,,,,,,,,,
Дрип микс 1 шт. TASTY,0.0,3.0,шт,,,,405.0,,,135.0,405.0,,,,,,,,,,,,,,,
Смузи Желтый,0.0,1.0,шт,19.1,19.1,1989.01,379.9,,,399.0,399.0,,,,,,,,,,,,,,,
Смузи Зеленый,0.0,1.0,шт,2.3,2.3,17247.83,396.7,,,399.0,399.0,,,,,,,,,,,,,,,
Смузи Красный,0.0,1.0,шт,19.1,19.1,1989.01,379.9,,,399.0,399.0,,,,,,,,,,,,,,,
Чай липовый 100 гр.,0.0,1.0,шт,,,,389.0,,,389.0,389.0,,,,,,,,,,,,,,,
Боржоми,0.0,2.0,шт,,,,380.0,,,190.0,380.0,,,,,,,,,,,,,,,
Матча айс,0.0,1.0,шт,20.7,20.7,1735.75,359.3,,,380.0,380.0,,,,,,,,,,,,,,,
Матча альт,0.0,1.0,шт,9.94,9.94,3622.33,360.06,,,370.0,370.0,,,,,,,,,,,,,,,
Латте декаф альт.,0.0,1.0,шт,9.95,9.95,3518.09,350.05,,,360.0,360.0,,,,,,,,,,,,,,,
Чай Молихуа Жасмин 100 гр,0.0,1.0,шт,,,,350.0,,,350.0,350.0,,,,,,,,,,,,,,,
Чай Сенча 100 гр,0.0,1.0,шт,,,,350.0,,,350.0,350.0,,,,,,,,,,,,,,,
Чай Чабрец 100 гр,0.0,1.0,шт,,,,350.0,,,350.0,350.0,,,,,,,,,,,,,,,
Чай Клюква АЙС,0.0,1.0,шт,2.3,2.3,14247.83,327.7,,,330.0,330.0,,,,,,,,,,,,,,,
Сливки / 50 гр,0.0,5.0,шт,8.95,44.75,570.39,255.25,,,60.0,300.0,,,,,,,,,,,,,,,
Чай «Таёжный» 50 гр,0.0,1.0,шт,180.0,180.0,66.67,120.0,,,300.0,300.0,,,,,,,,,,,,,,,
Эспрессо тоник с сиропом,0.0,1.0,шт,54.37,54.37,433.38,235.63,,,290.0,290.0,,,,,,,,,,,,,,,
Американо АЙС,0.0,1.0,шт,35.69,35.69,684.53,244.31,,,280.0,280.0,,,,,,,,,,,,,,,
Американо декаф М,0.0,1.0,шт,8.55,8.55,2005.26,171.45,,,180.0,180.0,,,,,,,,,,,,,,,
Кофе персонал,0.0,3.0,шт,19.87,59.61,151.64,90.39,,,50.0,150.0,,,,,,,,,,,,,,,
Помол зерна (250 гр),0.0,1.0,шт,,,,150.0,,,150.0,150.0,,,,,,,,,,,,,,,
Чай рассыпной «Шёпот трав» 25 гр,0.0,1.0,шт,90.0,90.0,66.67,60.0,,,150.0,150.0,,,,,,,,,,,,,,,
Молоко персонал,0.0,4.0,шт,92.0,368.0,-61.96,-228.0,,,35.0,140.0,,,,,,,,,,,,,,,
Мед / 15 гр,0.0,2.0,шт,,,,100.0,,,50.0,100.0,,,,,,,,,,,,,,,
Альтернативное молоко / 50 гр,0.0,1.0,шт,0.12,0.12,74900.0,89.88,,,90.0,90.0,,,,,,,,,,,,,,,
Стакан пластик 300 мл,0.0,2.0,шт,,,,80.0,,,40.0,80.0,,,,,,,,,,,,,,,
Стакан 250,0.0,1.0,шт,4.96,4.96,504.84,25.04,,,30.0,30.0,,,,,,,,,,,,,,,
Пакет крафт,0.0,1.0,шт,8.4,8.4,197.62,16.6,,,25.0,25.0,,,,,,,,,,,,,,,
Мята / 2-3 лист.,0.0,2.0,шт,,,,20.0,,,10.0,20.0,,,,,,,,,,,,,,,
Стакан 250 (персонал),0.0,1.0,шт,4.96,4.96,41.13,2.04,,,7.0,7.0,,,,,,,,,,,,,,,
Настройка помола двойник,0.0,12.0,шт,28.79,345.49,-100.0,-345.49,,,,,,,,,,,,,,,,,,,
Настройка помола одинарная,0.0,1.0,шт,20.28,20.28,-100.0,-20.28,,,,,,,,,,,,,,,,,,,
"ул. Самокиша, д. 5б",0.0,2126.0,,67.82,144195.87,274.08,395214.13,26.0,23.0,253.72,539410.0,,,,,,,,,,,,,,,
Капучино,0.0,210.0,шт,44.28,9299.2,329.07,30600.8,8.0,7.0,190.0,39900.0,,,,,,,,,,,,,,,
Большой Капучино,0.0,156.0,шт,67.91,10593.62,268.15,28406.38,7.0,7.0,250.0,39000.0,,,,,,,,,,,,,,,
Американо,0.0,226.0,шт,26.69,6031.42,424.59,25608.58,6.0,6.0,140.0,31640.0,,,,,,,,,,,,,,,
Латте,0.0,111.0,шт,55.67,6179.73,295.16,18240.27,5.0,5.0,220.0,24420.0,,,,,,,,,,,,,,,
Онигурадзу семга/ краб/ креветка,0.0,45.0,шт,75.0,3375.0,472.18,15936.0,4.0,4.0,429.13,19311.0,,,,,,,,,,,,,,,
Флетуайт,0.0,69.0,шт,58.21,4016.58,312.29,12543.42,3.0,3.0,240.0,16560.0,,,,,,,,,,,,,,,
Сэндвич,0.0,43.0,шт,94.48,4062.5,245.16,9959.5,3.0,3.0,326.09,14022.0,,,,,,,,,,,,,,,
Десерт 350,0.0,40.0,шт,180.0,7200.0,77.17,5556.0,1.0,2.0,318.9,12756.0,,,,,,,,,,,,,,,
Моти,0.0,53.0,шт,120.0,6360.0,77.44,4925.0,1.0,2.0,212.92,11285.0,,,,,,,,,,,,,,,
Ролл креветка ВК,0.0,26.0,шт,193.85,5040.0,94.15,4745.0,1.0,2.0,376.35,9785.0,,,,,,,,,,,,,,,
Большой американо,0.0,43.0,шт,41.49,1783.92,430.29,7676.08,2.0,2.0,220.0,9460.0,,,,,,,,,,,,,,,
Капучино альт. Б,0.0,24.0,шт,86.61,2078.73,281.0,5841.27,1.0,1.0,330.0,7920.0,,,,,,,,,,,,,,,
Хани 1 кг,0.0,3.0,шт,,,,7827.0,2.0,1.0,2609.0,7827.0,,,,,,,,,,,,,,,
Ролл Индейка ВК,0.0,24.0,шт,82.5,1980.0,281.87,5581.0,1.0,1.0,315.04,7561.0,,,,,,,,,,,,,,,
Ролл Курица ВК,0.0,23.0,шт,76.52,1760.0,317.1,5581.0,1.0,1.0,319.17,7341.0,,,,,,,,,,,,,,,
Бразилия Серрадо 1 кг,0.0,3.0,шт,931.67,2795.0,155.35,4342.0,1.0,1.0,2379.0,7137.0,,,,,,,,,,,,,,,
Натти 1кг,0.0,3.0,шт,,,,7137.0,2.0,1.0,2379.0,7137.0,,,,,,,,,,,,,,,
Хорнет Б,0.0,19.0,шт,39.4,748.52,763.04,5711.48,1.0,1.0,340.0,6460.0,,,,,,,,,,,,,,,
Блины с курицей и грибами,0.0,20.0,шт,170.0,3400.0,74.41,2530.0,1.0,1.0,296.5,5930.0,,,,,,,,,,,,,,,
Трубочка со сгущенкой,0.0,38.0,шт,80.0,3040.0,90.79,2760.0,1.0,1.0,152.63,5800.0,,,,,,,,,,,,,,,
Чай Облепиха,0.0,20.0,шт,9.69,193.87,2788.53,5406.13,1.0,1.0,280.0,5600.0,,,,,,,,,,,,,,,
Онигурадзу Шеф,0.0,12.0,шт,88.89,1066.67,413.75,4413.33,1.0,1.0,456.67,5480.0,,,,,,,,,,,,,,,
Капучино альт. М,0.0,19.0,шт,56.04,1064.78,399.63,4255.22,1.0,1.0,280.0,5320.0,,,,,,,,,,,,,,,
Блины с ветчиной и сыром,0.0,19.0,шт,180.0,3420.0,54.85,1876.0,,1.0,278.74,5296.0,,,,,,,,,,,,,,,
Вупи пай,0.0,20.0,шт,120.0,2400.0,103.96,2495.0,1.0,1.0,244.75,4895.0,,,,,,,,,,,,,,,
Сироп / 20 гр,0.0,81.0,шт,,,,4860.0,1.0,1.0,60.0,4860.0,,,,,,,,,,,,,,,
Эфиопия Иргачефф 1кг,0.0,2.0,шт,,,,4760.0,1.0,1.0,2380.0,4760.0,,,,,,,,,,,,,,,
Эспрессо,0.0,33.0,шт,21.5,709.34,551.31,3910.66,1.0,1.0,140.0,4620.0,,,,,,,,,,,,,,,
Какао,0.0,15.0,шт,33.62,504.27,792.38,3995.73,1.0,1.0,300.0,4500.0,,,,,,,,,,,,,,,
Чай в стакан,0.0,27.0,шт,9.71,262.16,1547.85,4057.84,1.0,1.0,160.0,4320.0,,,,,,,,,,,,,,,
Хорнет Горячий,0.0,13.0,шт,42.22,548.86,681.62,3741.14,1.0,1.0,330.0,4290.0,,,,,,,,,,,,,,,
Доппио,0.0,19.0,шт,39.66,753.57,454.69,3426.43,1.0,1.0,220.0,4180.0,,,,,,,,,,,,,,,
Хорнет,0.0,14.0,шт,20.6,288.37,1307.91,3771.63,1.0,1.0,290.0,4060.0,,,,,,,,,,,,,,,
Умами ГРЕЧКА / РИС,0.0,11.0,шт,240.91,2650.0,52.45,1390.0,,1.0,367.27,4040.0,,,,,,,,,,,,,,,
Брауни 250,0.0,5.0,шт,,,,3995.0,1.0,1.0,799.0,3995.0,,,,,,,,,,,,,,,
Макарон,0.0,21.0,шт,100.0,2100.0,80.0,1680.0,,1.0,180.0,3780.0,,,,,,,,,,,,,,,
Бразилия Сульдеминас 250,0.0,5.0,шт,,,,3695.0,1.0,1.0,739.0,3695.0,,,,,,,,,,,,,,,
Раф,0.0,12.0,шт,41.2,494.43,628.11,3105.57,1.0,1.0,300.0,3600.0,,,,,,,,,,,,,,,
Блины с творогом,0.0,12.0,шт,170.0,2040.0,73.63,1502.0,,1.0,295.17,3542.0,,,,,,,,,,,,,,,
Колумбия Уила 250,0.0,4.0,шт,,,,3436.0,1.0,1.0,859.0,3436.0,,,,,,,,,,,,,,,
Флетуайт альт.,0.0,11.0,шт,66.85,735.34,363.73,2674.66,1.0,1.0,310.0,3410.0,,,,,,,,,,,,,,,
Колумбия Богота 250,0.0,4.0,шт,,,,3316.0,1.0,1.0,829.0,3316.0,,,,,,,,,,,,,,,
Латте альт.,0.0,11.0,шт,74.57,820.31,302.29,2479.69,1.0,1.0,300.0,3300.0,,,,,,,,,,,,,,,
Тыквенный пирог,0.0,12.0,шт,100.0,1200.0,170.0,2040.0,1.0,1.0,270.0,3240.0,,,,,,,,,,,,,,,
Блины Том - ям,0.0,10.0,шт,200.0,2000.0,55.35,1107.0,,1.0,310.7,3107.0,,,,,,,,,,,,,,,
Кедровый М,0.0,11.0,шт,43.5,478.52,543.65,2601.48,1.0,1.0,280.0,3080.0,,,,,,,,,,,,,,,
Пирожное Шу,0.0,15.0,шт,120.0,1800.0,70.0,1260.0,,1.0,204.0,3060.0,,,,,,,,,,,,,,,
Боул семга ВК,0.0,7.0,шт,139.29,975.0,211.49,2062.0,1.0,1.0,433.86,3037.0,,,,,,,,,,,,,,,
Салат Цезарь,0.0,9.0,шт,24.44,220.0,1251.82,2754.0,1.0,1.0,330.44,2974.0,,,,,,,,,,,,,,,
Бэрри 250,0.0,4.0,шт,,,,2956.0,1.0,1.0,739.0,2956.0,,,,,,,,,,,,,,,
Кения Найроби 1 кг,0.0,1.0,шт,,,,2949.0,1.0,1.0,2949.0,2949.0,,,,,,,,,,,,,,,
Бразилия серрадо 250,0.0,4.0,шт,369.2,1476.8,97.45,1439.2,,1.0,729.0,2916.0,,,,,,,,,,,,,,,
Колумбия Богота 1 кг,0.0,1.0,шт,,,,2819.0,1.0,1.0,2819.0,2819.0,,,,,,,,,,,,,,,
Чай Апельсин,0.0,10.0,шт,9.68,96.8,2792.56,2703.2,1.0,1.0,280.0,2800.0,,,,,,,,,,,,,,,
Салат Баклажан,0.0,8.0,шт,82.5,660.0,310.91,2052.0,1.0,1.0,339.0,2712.0,,,,,,,,,,,,,,,
Кэнди 1 кг,0.0,1.0,шт,,,,2649.0,1.0,,2649.0,2649.0,,,,,,,,,,,,,,,
Кедровый Б,0.0,8.0,шт,55.02,440.13,499.82,2199.87,1.0,,330.0,2640.0,,,,,,,,,,,,,,,
Натти 250,0.0,4.0,шт,377.0,1508.0,74.8,1128.0,,,659.0,2636.0,,,,,,,,,,,,,,,
Руанда Киву 250 гр,0.0,3.0,шт,,,,2580.0,1.0,,860.0,2580.0,,,,,,,,,,,,,,,
Фрутти 1кг,0.0,1.0,шт,,,,2579.0,1.0,,2579.0,2579.0,,,,,,,,,,,,,,,
Молоко / 50 гр,0.0,64.0,шт,92.0,5888.0,-56.52,-3328.0,-1.0,,40.0,2560.0,,,,,,,,,,,,,,,
Бэрри 1кг,0.0,1.0,шт,,,,2549.0,1.0,,2549.0,2549.0,,,,,,,,,,,,,,,
Коста Рика сан Хосе 250,0.0,3.0,шт,144.73,434.2,486.6,2112.8,1.0,,849.0,2547.0,,,,,,,,,,,,,,,
Эфиопия гуджи 250,0.0,3.0,шт,,,,2457.0,1.0,,819.0,2457.0,,,,,,,,,,,,,,,
Рис индейка терияки ВК,0.0,7.0,шт,160.71,1125.0,117.78,1325.0,,,350.0,2450.0,,,,,,,,,,,,,,,
Боул индейка ВК,0.0,7.0,шт,65.71,460.0,428.26,1970.0,,,347.14,2430.0,,,,,,,,,,,,,,,
Тарталетка Орех,0.0,9.0,шт,180.0,1620.0,50.0,810.0,,,270.0,2430.0,,,,,,,,,,,,,,,
Муравейник,0.0,10.0,шт,120.0,1200.0,92.58,1111.0,,,231.1,2311.0,,,,,,,,,,,,,,,
Субмарина Набор дрипов ассорти №23 / 30 шт,0.0,1.0,шт,1650.0,1650.0,38.79,640.0,,,2290.0,2290.0,,,,,,,,,,,,,,,
Фрутти 250,0.0,3.0,шт,,,,2247.0,1.0,,749.0,2247.0,,,,,,,,,,,,,,,
Отбивная куриная ВК,0.0,5.0,шт,62.0,310.0,577.42,1790.0,,,420.0,2100.0,,,,,,,,,,,,,,,
Колумбия Декаф 250,0.0,2.0,шт,,,,1878.0,,,939.0,1878.0,,,,,,,,,,,,,,,
Батончик ПП,0.0,14.0,шт,,,,1840.0,,,131.43,1840.0,,,,,,,,,,,,,,,
Субмарина МЕГА ДРИПЫ Симс / 6 шт,0.0,2.0,шт,790.0,1580.0,12.66,200.0,,,890.0,1780.0,,,,,,,,,,,,,,,
Фанки 250,0.0,2.0,шт,,,,1758.0,,,879.0,1758.0,,,,,,,,,,,,,,,
Батч-брю Лоукаф 250 гр,0.0,2.0,шт,,,,1698.0,,,849.0,1698.0,,,,,,,,,,,,,,,
Субмарина Набор дрипов ФЕРМЕНТАЦИЯ / 16 шт,0.0,1.0,шт,1280.0,1280.0,31.25,400.0,,,1680.0,1680.0,,,,,,,,,,,,,,,
Чай Клюква,0.0,6.0,шт,9.81,58.88,2753.26,1621.12,,,280.0,1680.0,,,,,,,,,,,,,,,
Эфиопия Оромия 250,0.0,2.0,шт,217.1,434.2,277.71,1205.8,,,820.0,1640.0,,,,,,,,,,,,,,,
Дрип Бэрри (30 шт),0.0,1.0,шт,,,,1639.0,,,1639.0,1639.0,,,,,,,,,,,,,,,
Субмарина Набор дрипов КОНТИНЕНТЫ / 16 шт,0.0,1.0,шт,1180.0,1180.0,33.9,400.0,,,1580.0,1580.0,,,,,,,,,,,,,,,
Фраппучино,0.0,4.0,шт,40.14,160.57,846.63,1359.43,,,380.0,1520.0,,,,,,,,,,,,,,,
Айс Латте,0.0,5.0,шт,56.09,280.45,434.85,1219.55,,,300.0,1500.0,,,,,,,,,,,,,,,
"Вода 0,5 газ / не газ",0.0,16.0,шт,,,,1440.0,,,90.0,1440.0,,,,,,,,,,,,,,,
Чай «Посконный» конопля + хмель 80 гр,0.0,2.0,шт,426.0,852.0,66.67,568.0,,,710.0,1420.0,,,,,,,,,,,,,,,
Сок в бутылочке IL PRIMO 0.2 л,0.0,10.0,шт,,,,1300.0,,,130.0,1300.0,,,,,,,,,,,,,,,
Субмарина Набор дрипов №24  / 16 шт,0.0,1.0,шт,980.0,980.0,30.61,300.0,,,1280.0,1280.0,,,,,,,,,,,,,,,
Дрип Бразилия Суль-де-Минас 10 шт,0.0,2.0,шт,,,,1238.0,,,619.0,1238.0,,,,,,,,,,,,,,,
Чай «Бабка» с корнеплодами 80 гр,0.0,2.0,шт,360.0,720.0,66.67,480.0,,,600.0,1200.0,,,,,,,,,,,,,,,
Эфиопия Мукера 120 часов 250 гр,0.0,1.0,шт,,,,1139.0,,,1139.0,1139.0,,,,,,,,,,,,,,,
Матча альт,0.0,3.0,шт,56.33,168.99,556.84,941.01,,,370.0,1110.0,,,,,,,,,,,,,,,
Молочный шоколад КАПУЧИНО НА КОКОСЕ,0.0,2.0,шт,,,,1080.0,,,540.0,1080.0,,,,,,,,,,,,,,,
Темный шоколад ПЕРУАНСКАЯ ВИШНЯ,0.0,2.0,шт,360.0,720.0,47.22,340.0,,,530.0,1060.0,,,,,,,,,,,,,,,
Кофе персонал,0.0,20.0,шт,19.87,397.4,151.64,602.6,,,50.0,1000.0,,,,,,,,,,,,,,,
Темный шоколад Колумбия ANEI 70 %,0.0,2.0,шт,340.0,680.0,47.06,320.0,,,500.0,1000.0,,,,,,,,,,,,,,,
Темный шоколад ПРЯНАЯ КЛУБНИКА,0.0,2.0,шт,,,,1000.0,,,500.0,1000.0,,,,,,,,,,,,,,,
Темный шоколад ОРЕХОВЫЙ ВАЙБ,0.0,2.0,шт,350.0,700.0,40.0,280.0,,,490.0,980.0,,,,,,,,,,,,,,,
Белый шоколад ГРЕШЬЮ,0.0,2.0,шт,,,,960.0,,,480.0,960.0,,,,,,,,,,,,,,,
Индонезия Суматра Гайо,0.0,1.0,шт,,,,929.0,,,929.0,929.0,,,,,,,,,,,,,,,
Темный шоколад 250 гр TASTY,0.0,1.0,шт,,,,919.0,,,919.0,919.0,,,,,,,,,,,,,,,
Эспрессо Тоник с лаймом,0.0,3.0,шт,20.89,62.67,1288.22,807.33,,,290.0,870.0,,,,,,,,,,,,,,,
Кения Найроби 250 гр,0.0,1.0,шт,,,,869.0,,,869.0,869.0,,,,,,,,,,,,,,,
Дрип Коста-Рика Вара Бланка / 10 шт,0.0,1.0,шт,,,,864.0,,,864.0,864.0,,,,,,,,,,,,,,,
Гватемала Сантьяго 250,0.0,1.0,шт,,,,849.0,,,849.0,849.0,,,,,,,,,,,,,,,
Гватемала Фуэго 250,0.0,1.0,шт,,,,849.0,,,849.0,849.0,,,,,,,,,,,,,,,
Чай Глинтвейн,0.0,3.0,шт,8.4,25.2,3233.33,814.8,,,280.0,840.0,,,,,,,,,,,,,,,
Чай Рухуна 100 гр,0.0,2.0,шт,,,,838.0,,,419.0,838.0,,,,,,,,,,,,,,,
Дрип микс 1 шт. TASTY,0.0,6.0,шт,,,,810.0,,,135.0,810.0,,,,,,,,,,,,,,,
Флорал 250,0.0,1.0,шт,442.0,442.0,80.77,357.0,,,799.0,799.0,,,,,,,,,,,,,,,
Кофе СССР,0.0,3.0,шт,9.77,29.3,2459.73,720.7,,,250.0,750.0,,,,,,,,,,,,,,,
Эфиопия Иргачефф 250,0.0,1.0,шт,,,,749.0,,,749.0,749.0,,,,,,,,,,,,,,,
Кэнди 250,0.0,1.0,шт,409.5,409.5,75.58,309.5,,,719.0,719.0,,,,,,,,,,,,,,,
Чай с пряностями Тарусское чаепите «Петушок» 80 гр,0.0,1.0,шт,420.0,420.0,66.67,280.0,,,700.0,700.0,,,,,,,,,,,,,,,
Дрип Колумбия Уила 10 шт,0.0,1.0,упак,,,,699.0,,,699.0,699.0,,,,,,,,,,,,,,,
Эспрессо Тоник с лаймом Б,0.0,2.0,шт,44.12,88.24,670.63,591.76,,,340.0,680.0,,,,,,,,,,,,,,,
Молочный коктейль Б,0.0,2.0,шт,23.37,46.74,1312.07,613.26,,,330.0,660.0,,,,,,,,,,,,,,,
Улун в стакан,0.0,3.0,шт,9.68,29.04,2172.73,630.96,,,220.0,660.0,,,,,,,,,,,,,,,
Матча,0.0,2.0,шт,37.28,74.56,758.37,565.44,,,320.0,640.0,,,,,,,,,,,,,,,
Американо альт. М,0.0,3.0,шт,33.28,99.84,531.01,530.16,,,210.0,630.0,,,,,,,,,,,,,,,
Орешки кедр / 8 гр,0.0,9.0,шт,,,,630.0,,,70.0,630.0,,,,,,,,,,,,,,,
Субмарина Бразилия Перископ Мармелада 200 гр,0.0,1.0,шт,460.0,460.0,36.96,170.0,,,630.0,630.0,,,,,,,,,,,,,,,
Шоколад Индонезия Ransiki 100 %,0.0,1.0,шт,430.0,430.0,46.51,200.0,,,630.0,630.0,,,,,,,,,,,,,,,
Чай «Дивный» 80 гр,0.0,1.0,шт,360.0,360.0,66.67,240.0,,,600.0,600.0,,,,,,,,,,,,,,,
Чай Молочный улун 100 гр,0.0,1.0,шт,,,,600.0,,,600.0,600.0,,,,,,,,,,,,,,,
"Шоколад  НА КУСЬ / Tasty, 5г",0.0,20.0,шт,,,,600.0,,,30.0,600.0,,,,,,,,,,,,,,,
Капучино декаф Б,0.0,2.0,шт,36.49,72.98,694.74,507.02,,,290.0,580.0,,,,,,,,,,,,,,,
Шоколад Гондурас Asopropib 100%,0.0,1.0,шт,430.0,430.0,34.88,150.0,,,580.0,580.0,,,,,,,,,,,,,,,
Американо АЙС,0.0,2.0,шт,35.69,71.38,684.53,488.62,,,280.0,560.0,,,,,,,,,,,,,,,
Молочный шоколад неДубайский,0.0,1.0,шт,400.0,400.0,40.0,160.0,,,560.0,560.0,,,,,,,,,,,,,,,
Темный шоколад Индонезия Ransiki 70 %,0.0,1.0,шт,380.0,380.0,47.37,180.0,,,560.0,560.0,,,,,,,,,,,,,,,
Чай Имбирный,0.0,2.0,шт,9.68,19.36,2792.56,540.64,,,280.0,560.0,,,,,,,,,,,,,,,
"Чай ""Женьшень улун"" 100 гр",0.0,1.0,шт,195.0,195.0,182.05,355.0,,,550.0,550.0,,,,,,,,,,,,,,,
Белый шоколад МАЛИНОВЫЙ БАМБЛ,0.0,1.0,шт,,,,540.0,,,540.0,540.0,,,,,,,,,,,,,,,
Дрип кофе в стакан,0.0,3.0,шт,9.68,29.04,1759.5,510.96,,,180.0,540.0,,,,,,,,,,,,,,,
Молочный шоколад МОЛОЧНЫЙ ЭРИТРИТ,0.0,1.0,шт,360.0,360.0,47.22,170.0,,,530.0,530.0,,,,,,,,,,,,,,,
Темный шоколад 70% ДОМИНИКАНА,0.0,1.0,шт,360.0,360.0,41.67,150.0,,,510.0,510.0,,,,,,,,,,,,,,,
Темный шоколад НА ЭРИТРИТЕ 70%,0.0,1.0,шт,360.0,360.0,38.89,140.0,,,500.0,500.0,,,,,,,,,,,,,,,
Чай Тегуанинь 100 гр,0.0,1.0,шт,215.0,215.0,132.56,285.0,,,500.0,500.0,,,,,,,,,,,,,,,
Белый шоколад ВАНИЛЬНОЕ НЕБО,0.0,1.0,шт,350.0,350.0,37.14,130.0,,,480.0,480.0,,,,,,,,,,,,,,,
Молочный шоколад ТАЙНА ВОНКИ,0.0,1.0,шт,350.0,350.0,37.14,130.0,,,480.0,480.0,,,,,,,,,,,,,,,
Молочный шоколад Доминикана Око-Caribe 59 %,0.0,1.0,шт,320.0,320.0,46.88,150.0,,,470.0,470.0,,,,,,,,,,,,,,,
Чай «Дед» 80 гр,0.0,1.0,шт,276.0,276.0,66.67,184.0,,,460.0,460.0,,,,,,,,,,,,,,,
Молочный шоколад ИНДОНЕЗИЯ West bali 50% какао,0.0,1.0,шт,,,,450.0,,,450.0,450.0,,,,,,,,,,,,,,,
Пуэр в стакан ШАР,0.0,2.0,шт,8.4,16.8,2519.05,423.2,,,220.0,440.0,,,,,,,,,,,,,,,
Смузи Зеленый,0.0,1.0,шт,2.3,2.3,17247.83,396.7,,,399.0,399.0,,,,,,,,,,,,,,,
Чай липовый 100 гр.,0.0,1.0,шт,,,,389.0,,,389.0,389.0,,,,,,,,,,,,,,,
Молоко персонал,0.0,11.0,шт,92.0,1012.0,-61.96,-627.0,,,35.0,385.0,,,,,,,,,,,,,,,
Какао альт.,0.0,1.0,шт,50.38,50.38,654.27,329.62,,,380.0,380.0,,,,,,,,,,,,,,,
Капучино декаф альт. Б,0.0,1.0,шт,54.78,54.78,593.68,325.22,,,380.0,380.0,,,,,,,,,,,,,,,
Матча айс,0.0,1.0,шт,20.7,20.7,1735.75,359.3,,,380.0,380.0,,,,,,,,,,,,,,,
Мохито,0.0,1.0,шт,9.57,9.57,3557.26,340.43,,,350.0,350.0,,,,,,,,,,,,,,,
Чай Молихуа Жасмин 100 гр,0.0,1.0,шт,140.0,140.0,150.0,210.0,,,350.0,350.0,,,,,,,,,,,,,,,
Чай с чабрецом «Крепкая дружба» 80 гр,0.0,1.0,шт,210.0,210.0,66.67,140.0,,,350.0,350.0,,,,,,,,,,,,,,,
Дрип Микролот Tasty (85+) / 1 шт.,0.0,2.0,шт,,,,340.0,,,170.0,340.0,,,,,,,,,,,,,,,
Капучино декаф альт. М,0.0,1.0,шт,37.83,37.83,772.32,292.17,,,330.0,330.0,,,,,,,,,,,,,,,
Лимонад,0.0,1.0,шт,9.57,9.57,3348.28,320.43,,,330.0,330.0,,,,,,,,,,,,,,,
Горячий шоколад,0.0,1.0,шт,21.16,21.16,1412.29,298.84,,,320.0,320.0,,,,,,,,,,,,,,,
Кофе с молоком персонал М,0.0,4.0,шт,111.87,447.48,-28.49,-127.48,,,80.0,320.0,,,,,,,,,,,,,,,
Чай «Таёжный» 50 гр,0.0,1.0,шт,180.0,180.0,66.67,120.0,,,300.0,300.0,,,,,,,,,,,,,,,
Американо альт. Б,0.0,1.0,шт,49.56,49.56,485.15,240.44,,,290.0,290.0,,,,,,,,,,,,,,,
Творожный / Морковный  КЕКС,0.0,2.0,шт,65.0,130.0,100.0,130.0,,,130.0,260.0,,,,,,,,,,,,,,,
Сок стакан на розлив,0.0,2.0,шт,7.0,14.0,1614.29,226.0,,,120.0,240.0,,,,,,,,,,,,,,,
Капучино декаф М,0.0,1.0,шт,26.03,26.03,783.6,203.97,,,230.0,230.0,,,,,,,,,,,,,,,
Дрип Микролот Tasty (85+) / в стакан,0.0,1.0,шт,9.68,9.68,2172.73,210.32,,,220.0,220.0,,,,,,,,,,,,,,,
Мед / 15 гр,0.0,4.0,шт,,,,200.0,,,50.0,200.0,,,,,,,,,,,,,,,
Кофе альт молоко М персонал,0.0,2.0,шт,51.38,102.76,75.17,77.24,,,90.0,180.0,,,,,,,,,,,,,,,
Помол зерна (250 гр),0.0,1.0,шт,,,,150.0,,,150.0,150.0,,,,,,,,,,,,,,,
Чай рассыпной «Лесные тропы» 25 гр,0.0,1.0,шт,90.0,90.0,66.67,60.0,,,150.0,150.0,,,,,,,,,,,,,,,
Лимон / 10 гр,0.0,3.0,шт,,,,60.0,,,20.0,60.0,,,,,,,,,,,,,,,
Сливки / 50 гр,0.0,1.0,шт,,,,60.0,,,60.0,60.0,,,,,,,,,,,,,,,
Пакет крафт,0.0,2.0,шт,8.4,16.8,197.62,33.2,,,25.0,50.0,,,,,,,,,,,,,,,
Стакан 350 (персонал),0.0,5.0,шт,6.1,30.5,14.75,4.5,,,7.0,35.0,,,,,,,,,,,,,,,
Стакан 250,0.0,1.0,шт,4.96,4.96,504.84,25.04,,,30.0,30.0,,,,,,,,,,,,,,,
Ланчбокс пластик Б,0.0,1.0,шт,,,,15.0,,,15.0,15.0,,,,,,,,,,,,,,,
Стакан пластик 400 мл,0.0,1.0,шт,7.27,7.27,106.33,7.73,,,15.0,15.0,,,,,,,,,,,,,,,
Стакан 250 (персонал),0.0,1.0,шт,4.96,4.96,41.13,2.04,,,7.0,7.0,,,,,,,,,,,,,,,
Настройка помола двойник,0.0,18.0,шт,30.42,547.56,-100.0,-547.56,,,,,,,,,,,,,,,,,,,
Настройка помола одинарная,0.0,8.0,шт,20.28,162.24,-100.0,-162.24,,,,,,,,,,,,,,,,,,,
ТЕСТ на вечер,0.0,20.0,шт,,,,,,,,,,,,,,,,,,,,,,,
ТЕСТ на время,0.0,20.0,шт,,,,,,,,,,,,,,,,,,,,,,,
Чай рассыпной «Доброе тепло» 25 гр,0.0,1.0,шт,90.0,90.0,-100.0,-90.0,,,,,,,,,,,,,,,,,,,
,,,,,,,,,,,,,,,,,,,,,,,,,,
,,,,,,,,,,,,,,,,,,,,,,,,,,
,,,,,,,,,,,,,,,,,,,,,,,,,,
,,,,,,,,,,,,,,,,,,,,,,,,,,
,,,,,,,,,,,,,,,,,,,,,,,,,,
,,,,,,,,,,,,,,,,,,,,,,,,,,
,,,,,,,,,,,,,,,,,,,,,,,,,,
,,,,,,,,,,,,,,,,,,,,,,,,,,
,,,,,,,,,,,,,,,,,,,,,,,,,,
,,,,,,,,,,,,,,,,,,,,,,,,,,
,,,,,,,,,,,,,,,,,,,,,,,,,,
,,,,,,,,,,,,,,,,,,,,,,,,,,
,,,,,,,,,,,,,,,,,,,,,,,,,,
,,,,,,,,,,,,,,,,,,,,,,,,,,
,,,,,,,,,,,,,,,,,,,,,,,,,,
,,,,,,,,,,,,,,,,,,,,,,,,,,
,,,,,,,,,,,,,,,,,,,,,,,,,,
,,,,,,,,,,,,,,,,,,,,,,,,,,
,,,,,,,,,,,,,,,,,,,,,,,,,,
,,,,,,,,,,,,,,,,,,,,,,,,,,
,,,,,,,,,,,,,,,,,,,,,,,,,,
,,,,,,,,,,,,,,,,,,,,,,,,,,
,,,,,,,,,,,,,,,,,,,,,,,,,,
,,,,,,,,,,,,,,,,,,,,,,,,,,
,,,,,,,,,,,,,,,,,,,,,,,,,,
,,,,,,,,,,,,,,,,,,,,,,,,,,
,,,,,,,,,,,,,,,,,,,,,,,,,,
,,,,,,,,,,,,,,,,,,,,,,,,,,
,,,,,,,,,,,,,,,,,,,,,,,,,,
,,,,,,,,,,,,,,,,,,,,,,,,,,
,,,,,,,,,,,,,,,,,,,,,,,,,,
,,,,,,,,,,,,,,,,,,,,,,,,,,
,,,,,,,,,,,,,,,,,,,,,,,,,,
,,,,,,,,,,,,,,,,,,,,,,,,,,
,,,,,,,,,,,,,,,,,,,,,,,,,,
,,,,,,,,,,,,,,,,,,,,,,,,,,
,,,,,,,,,,,,,,,,,,,,,,,,,,
,,,,,,,,,,,,,,,,,,,,,,,,,,
,,,,,,,,,,,,,,,,,,,,,,,,,,
,,,,,,,,,,,,,,,,,,,,,,,,,,
,,,,,,,,,,,,,,,,,,,,,,,,,,
,,,,,,,,,,,,,,,,,,,,,,,,,,
,,,,,,,,,,,,,,,,,,,,,,,,,,
,,,,,,,,,,,,,,,,,,,,,,,,,,
,,,,,,,,,,,,,,,,,,,,,,,,,,
,,,,,,,,,,,,,,,,,,,,,,,,,,
,,,,,,,,,,,,,,,,,,,,,,,,,,
,,,,,,,,,,,,,,,,,,,,,,,,,,
,,,,,,,,,,,,,,,,,,,,,,,,,,
,,,,,,,,,,,,,,,,,,,,,,,,,,
,,,,,,,,,,,,,,,,,,,,,,,,,,
,,,,,,,,,,,,,,,,,,,,,,,,,,
,,,,,,,,,,,,,,,,,,,,,,,,,,
,,,,,,,,,,,,,,,,,,,,,,,,,,
,,,,,,,,,,,,,,,,,,,,,,,,,,
,,,,,,,,,,,,,,,,,,,,,,,,,,
,,,,,,,,,,,,,,,,,,,,,,,,,,
,,,,,,,,,,,,,,,,,,,,,,,,,,
,,,,,,,,,,,,,,,,,,,,,,,,,,
,,,,,,,,,,,,,,,,,,,,,,,,,,
,,,,,,,,,,,,,,,,,,,,,,,,,,
,,,,,,,,,,,,,,,,,,,,,,,,,,
,,,,,,,,,,,,,,,,,,,,,,,,,,
,,,,,,,,,,,,,,,,,,,,,,,,,,
,,,,,,,,,,,,,,,,,,,,,,,,,,
,,,,,,,,,,,,,,,,,,,,,,,,,,
,,,,,,,,,,,,,,,,,,,,,,,,,,
,,,,,,,,,,,,,,,,,,,,,,,,,,
,,,,,,,,,,,,,,,,,,,,,,,,,,
,,,,,,,,,,,,,,,,,,,,,,,,,,
,,,,,,,,,,,,,,,,,,,,,,,,,,
,,,,,,,,,,,,,,,,,,,,,,,,,,
,,,,,,,,,,,,,,,,,,,,,,,,,,
,,,,,,,,,,,,,,,,,,,,,,,,,,
,,,,,,,,,,,,,,,,,,,,,,,,,,
,,,,,,,,,,,,,,,,,,,,,,,,,,
,,,,,,,,,,,,,,,,,,,,,,,,,,
,,,,,,,,,,,,,,,,,,,,,,,,,,
,,,,,,,,,,,,,,,,,,,,,,,,,,
,,,,,,,,,,,,,,,,,,,,,,,,,,
,,,,,,,,,,,,,,,,,,,,,,,,,,
,,,,,,,,,,,,,,,,,,,,,,,,,,
,,,,,,,,,,,,,,,,,,,,,,,,,,
,,,,,,,,,,,,,,,,,,,,,,,,,,
,,,,,,,,,,,,,,,,,,,,,,,,,,
,,,,,,,,,,,,,,,,,,,,,,,,,,
,,,,,,,,,,,,,,,,,,,,,,,,,,
,,,,,,,,,,,,,,,,,,,,,,,,,,
,,,,,,,,,,,,,,,,,,,,,,,,,,
,,,,,,,,,,,,,,,,,,,,,,,,,,
,,,,,,,,,,,,,,,,,,,,,,,,,,
,,,,,,,,,,,,,,,,,,,,,,,,,,
,,,,,,,,,,,,,,,,,,,,,,,,,,
,,,,,,,,,,,,,,,,,,,,,,,,,,
,,,,,,,,,,,,,,,,,,,,,,,,,,
,,,,,,,,,,,,,,,,,,,,,,,,,,
,,,,,,,,,,,,,,,,,,,,,,,,,,
,,,,,,,,,,,,,,,,,,,,,,,,,,
,,,,,,,,,,,,,,,,,,,,,,,,,,
,,,,,,,,,,,,,,,,,,,,,,,,,,
,,,,,,,,,,,,,,,,,,,,,,,,,,
,,,,,,,,,,,,,,,,,,,,,,,,,,
,,,,,,,,,,,,,,,,,,,,,,,,,,
,,,,,,,,,,,,,,,,,,,,,,,,,,
,,,,,,,,,,,,,,,,,,,,,,,,,,
,,,,,,,,,,,,,,,,,,,,,,,,,,
,,,,,,,,,,,,,,,,,,,,,,,,,,
,,,,,,,,,,,,,,,,,,,,,,,,,,
,,,,,,,,,,,,,,,,,,,,,,,,,,
,,,,,,,,,,,,,,,,,,,,,,,,,,
,,,,,,,,,,,,,,,,,,,,,,,,,,
,,,,,,,,,,,,,,,,,,,,,,,,,,
,,,,,,,,,,,,,,,,,,,,,,,,,,
,,,,,,,,,,,,,,,,,,,,,,,,,,
,,,,,,,,,,,,,,,,,,,,,,,,,,
,,,,,,,,,,,,,,,,,,,,,,,,,,
,,,,,,,,,,,,,,,,,,,,,,,,,,
,,,,,,,,,,,,,,,,,,,,,,,,,,
,,,,,,,,,,,,,,,,,,,,,,,,,,
,,,,,,,,,,,,,,,,,,,,,,,,,,
,,,,,,,,,,,,,,,,,,,,,,,,,,
,,,,,,,,,,,,,,,,,,,,,,,,,,
,,,,,,,,,,,,,,,,,,,,,,,,,,
,,,,,,,,,,,,,,,,,,,,,,,,,,
,,,,,,,,,,,,,,,,,,,,,,,,,,
,,,,,,,,,,,,,,,,,,,,,,,,,,
,,,,,,,,,,,,,,,,,,,,,,,,,,
,,,,,,,,,,,,,,,,,,,,,,,,,,
,,,,,,,,,,,,,,,,,,,,,,,,,,
,,,,,,,,,,,,,,,,,,,,,,,,,,
,,,,,,,,,,,,,,,,,,,,,,,,,,
,,,,,,,,,,,,,,,,,,,,,,,,,,
,,,,,,,,,,,,,,,,,,,,,,,,,,
,,,,,,,,,,,,,,,,,,,,,,,,,,
,,,,,,,,,,,,,,,,,,,,,,,,,,
,,,,,,,,,,,,,,,,,,,,,,,,,,
,,,,,,,,,,,,,,,,,,,,,,,,,,
,,,,,,,,,,,,,,,,,,,,,,,,,,
,,,,,,,,,,,,,,,,,,,,,,,,,,
,,,,,,,,,,,,,,,,,,,,,,,,,,
,,,,,,,,,,,,,,,,,,,,,,,,,,
,,,,,,,,,,,,,,,,,,,,,,,,,,
,,,,,,,,,,,,,,,,,,,,,,,,,,
,,,,,,,,,,,,,,,,,,,,,,,,,,
,,,,,,,,,,,,,,,,,,,,,,,,,,
,,,,,,,,,,,,,,,,,,,,,,,,,,
,,,,,,,,,,,,,,,,,,,,,,,,,,
,,,,,,,,,,,,,,,,,,,,,,,,,,
,,,,,,,,,,,,,,,,,,,,,,,,,,
,,,,,,,,,,,,,,,,,,,,,,,,,,
,,,,,,,,,,,,,,,,,,,,,,,,,,
,,,,,,,,,,,,,,,,,,,,,,,,,,
,,,,,,,,,,,,,,,,,,,,,,,,,,
,,,,,,,,,,,,,,,,,,,,,,,,,,
,,,,,,,,,,,,,,,,,,,,,,,,,,
,,,,,,,,,,,,,,,,,,,,,,,,,,
,,,,,,,,,,,,,,,,,,,,,,,,,,
,,,,,,,,,,,,,,,,,,,,,,,,,,
,,,,,,,,,,,,,,,,,,,,,,,,,,
,,,,,,,,,,,,,,,,,,,,,,,,,,
,,,,,,,,,,,,,,,,,,,,,,,,,,
,,,,,,,,,,,,,,,,,,,,,,,,,,
,,,,,,,,,,,,,,,,,,,,,,,,,,
,,,,,,,,,,,,,,,,,,,,,,,,,,
,,,,,,,,,,,,,,,,,,,,,,,,,,
,,,,,,,,,,,,,,,,,,,,,,,,,,
,,,,,,,,,,,,,,,,,,,,,,,,,,
,,,,,,,,,,,,,,,,,,,,,,,,,,
,,,,,,,,,,,,,,,,,,,,,,,,,,
,,,,,,,,,,,,,,,,,,,,,,,,,,
,,,,,,,,,,,,,,,,,,,,,,,,,,
,,,,,,,,,,,,,,,,,,,,,,,,,,
,,,,,,,,,,,,,,,,,,,,,,,,,,
,,,,,,,,,,,,,,,,,,,,,,,,,,
,,,,,,,,,,,,,,,,,,,,,,,,,,
,,,,,,,,,,,,,,,,,,,,,,,,,,
,,,,,,,,,,,,,,,,,,,,,,,,,,
,,,,,,,,,,,,,,,,,,,,,,,,,,
,,,,,,,,,,,,,,,,,,,,,,,,,,
,,,,,,,,,,,,,,,,,,,,,,,,,,
,,,,,,,,,,,,,,,,,,,,,,,,,,
,,,,,,,,,,,,,,,,,,,,,,,,,,
,,,,,,,,,,,,,,,,,,,,,,,,,,
,,,,,,,,,,,,,,,,,,,,,,,,,,
,,,,,,,,,,,,,,,,,,,,,,,,,,
,,,,,,,,,,,,,,,,,,,,,,,,,,
,,,,,,,,,,,,,,,,,,,,,,,,,,
,,,,,,,,,,,,,,,,,,,,,,,,,,
,,,,,,,,,,,,,,,,,,,,,,,,,,
,,,,,,,,,,,,,,,,,,,,,,,,,,
,,,,,,,,,,,,,,,,,,,,,,,,,,
,,,,,,,,,,,,,,,,,,,,,,,,,,
,,,,,,,,,,,,,,,,,,,,,,,,,,
,,,,,,,,,,,,,,,,,,,,,,,,,,
,,,,,,,,,,,,,,,,,,,,,,,,,,
,,,,,,,,,,,,,,,,,,,,,,,,,,
,,,,,,,,,,,,,,,,,,,,,,,,,,
,,,,,,,,,,,,,,,,,,,,,,,,,,
,,,,,,,,,,,,,,,,,,,,,,,,,,
,,,,,,,,,,,,,,,,,,,,,,,,,,
,,,,,,,,,,,,,,,,,,,,,,,,,,
,,,,,,,,,,,,,,,,,,,,,,,,,,
,,,,,,,,,,,,,,,,,,,,,,,,,,
,,,,,,,,,,,,,,,,,,,,,,,,,,
,,,,,,,,,,,,,,,,,,,,,,,,,,
,,,,,,,,,,,,,,,,,,,,,,,,,,
,,,,,,,,,,,,,,,,,,,,,,,,,,
,,,,,,,,,,,,,,,,,,,,,,,,,,
,,,,,,,,,,,,,,,,,,,,,,,,,,
,,,,,,,,,,,,,,,,,,,,,,,,,,
,,,,,,,,,,,,,,,,,,,,,,,,,,
,,,,,,,,,,,,,,,,,,,,,,,,,,
,,,,,,,,,,,,,,,,,,,,,,,,,,
,,,,,,,,,,,,,,,,,,,,,,,,,,
,,,,,,,,,,,,,,,,,,,,,,,,,,
,,,,,,,,,,,,,,,,,,,,,,,,,,
,,,,,,,,,,,,,,,,,,,,,,,,,,
,,,,,,,,,,,,,,,,,,,,,,,,,,
,,,,,,,,,,,,,,,,,,,,,,,,,,
,,,,,,,,,,,,,,,,,,,,,,,,,,
,,,,,,,,,,,,,,,,,,,,,,,,,,
,,,,,,,,,,,,,,,,,,,,,,,,,,
,,,,,,,,,,,,,,,,,,,,,,,,,,
,,,,,,,,,,,,,,,,,,,,,,,,,,
,,,,,,,,,,,,,,,,,,,,,,,,,,
,,,,,,,,,,,,,,,,,,,,,,,,,,
,,,,,,,,,,,,,,,,,,,,,,,,,,
,,,,,,,,,,,,,,,,,,,,,,,,,,
,,,,,,,,,,,,,,,,,,,,,,,,,,
,,,,,,,,,,,,,,,,,,,,,,,,,,
,,,,,,,,,,,,,,,,,,,,,,,,,,
,,,,,,,,,,,,,,,,,,,,,,,,,,
,,,,,,,,,,,,,,,,,,,,,,,,,,
,,,,,,,,,,,,,,,,,,,,,,,,,,
,,,,,,,,,,,,,,,,,,,,,,,,,,
,,,,,,,,,,,,,,,,,,,,,,,,,,
,,,,,,,,,,,,,,,,,,,,,,,,,,
,,,,,,,,,,,,,,,,,,,,,,,,,,
,,,,,,,,,,,,,,,,,,,,,,,,,,
,,,,,,,,,,,,,,,,,,,,,,,,,,
,,,,,,,,,,,,,,,,,,,,,,,,,,
,,,,,,,,,,,,,,,,,,,,,,,,,,
,,,,,,,,,,,,,,,,,,,,,,,,,,
,,,,,,,,,,,,,,,,,,,,,,,,,,
,,,,,,,,,,,,,,,,,,,,,,,,,,
,,,,,,,,,,,,,,,,,,,,,,,,,,
,,,,,,,,,,,,,,,,,,,,,,,,,,
,,,,,,,,,,,,,,,,,,,,,,,,,,
,,,,,,,,,,,,,,,,,,,,,,,,,,
,,,,,,,,,,,,,,,,,,,,,,,,,,
,,,,,,,,,,,,,,,,,,,,,,,,,,
,,,,,,,,,,,,,,,,,,,,,,,,,,
,,,,,,,,,,,,,,,,,,,,,,,,,,
,,,,,,,,,,,,,,,,,,,,,,,,,,
,,,,,,,,,,,,,,,,,,,,,,,,,,
,,,,,,,,,,,,,,,,,,,,,,,,,,
,,,,,,,,,,,,,,,,,,,,,,,,,,
,,,,,,,,,,,,,,,,,,,,,,,,,,
,,,,,,,,,,,,,,,,,,,,,,,,,,
,,,,,,,,,,,,,,,,,,,,,,,,,,
,,,,,,,,,,,,,,,,,,,,,,,,,,
,,,,,,,,,,,,,,,,,,,,,,,,,,
,,,,,,,,,,,,,,,,,,,,,,,,,,
,,,,,,,,,,,,,,,,,,,,,,,,,,
,,,,,,,,,,,,,,,,,,,,,,,,,,
,,,,,,,,,,,,,,,,,,,,,,,,,,
,,,,,,,,,,,,,,,,,,,,,,,,,,
,,,,,,,,,,,,,,,,,,,,,,,,,,
,,,,,,,,,,,,,,,,,,,,,,,,,,
,,,,,,,,,,,,,,,,,,,,,,,,,,
,,,,,,,,,,,,,,,,,,,,,,,,,,
,,,,,,,,,,,,,,,,,,,,,,,,,,
,,,,,,,,,,,,,,,,,,,,,,,,,,
,,,,,,,,,,,,,,,,,,,,,,,,,,
,,,,,,,,,,,,,,,,,,,,,,,,,,
,,,,,,,,,,,,,,,,,,,,,,,,,,
,,,,,,,,,,,,,,,,,,,,,,,,,,
,,,,,,,,,,,,,,,,,,,,,,,,,,
,,,,,,,,,,,,,,,,,,,,,,,,,,
,,,,,,,,,,,,,,,,,,,,,,,,,,
,,,,,,,,,,,,,,,,,,,,,,,,,,
,,,,,,,,,,,,,,,,,,,,,,,,,,
,,,,,,,,,,,,,,,,,,,,,,,,,,
,,,,,,,,,,,,,,,,,,,,,,,,,,
,,,,,,,,,,,,,,,,,,,,,,,,,,
,,,,,,,,,,,,,,,,,,,,,,,,,,
,,,,,,,,,,,,,,,,,,,,,,,,,,
,,,,,,,,,,,,,,,,,,,,,,,,,,
,,,,,,,,,,,,,,,,,,,,,,,,,,
,,,,,,,,,,,,,,,,,,,,,,,,,,
,,,,,,,,,,,,,,,,,,,,,,,,,,
,,,,,,,,,,,,,,,,,,,,,,,,,,
,,,,,,,,,,,,,,,,,,,,,,,,,,
,,,,,,,,,,,,,,,,,,,,,,,,,,
,,,,,,,,,,,,,,,,,,,,,,,,,,
,,,,,,,,,,,,,,,,,,,,,,,,,,
,,,,,,,,,,,,,,,,,,,,,,,,,,
,,,,,,,,,,,,,,,,,,,,,,,,,,
,,,,,,,,,,,,,,,,,,,,,,,,,,
,,,,,,,,,,,,,,,,,,,,,,,,,,
,,,,,,,,,,,,,,,,,,,,,,,,,,
,,,,,,,,,,,,,,,,,,,,,,,,,,
,,,,,,,,,,,,,,,,,,,,,,,,,,
,,,,,,,,,,,,,,,,,,,,,,,,,,
,,,,,,,,,,,,,,,,,,,,,,,,,,
,,,,,,,,,,,,,,,,,,,,,,,,,,
,,,,,,,,,,,,,,,,,,,,,,,,,,
,,,,,,,,,,,,,,,,,,,,,,,,,,
,,,,,,,,,,,,,,,,,,,,,,,,,,
,,,,,,,,,,,,,,,,,,,,,,,,,,
,,,,,,,,,,,,,,,,,,,,,,,,,,
,,,,,,,,,,,,,,,,,,,,,,,,,,
,,,,,,,,,,,,,,,,,,,,,,,,,,
,,,,,,,,,,,,,,,,,,,,,,,,,,
,,,,,,,,,,,,,,,,,,,,,,,,,,
,,,,,,,,,,,,,,,,,,,,,,,,,,
,,,,,,,,,,,,,,,,,,,,,,,,,,
,,,,,,,,,,,,,,,,,,,,,,,,,,
,,,,,,,,,,,,,,,,,,,,,,,,,,
,,,,,,,,,,,,,,,,,,,,,,,,,,
,,,,,,,,,,,,,,,,,,,,,,,,,,
,,,,,,,,,,,,,,,,,,,,,,,,,,
,,,,,,,,,,,,,,,,,,,,,,,,,,
,,,,,,,,,,,,,,,,,,,,,,,,,,
,,,,,,,,,,,,,,,,,,,,,,,,,,
,,,,,,,,,,,,,,,,,,,,,,,,,,
,,,,,,,,,,,,,,,,,,,,,,,,,,
,,,,,,,,,,,,,,,,,,,,,,,,,,
,,,,,,,,,,,,,,,,,,,,,,,,,,
,,,,,,,,,,,,,,,,,,,,,,,,,,
,,,,,,,,,,,,,,,,,,,,,,,,,,
,,,,,,,,,,,,,,,,,,,,,,,,,,
,,,,,,,,,,,,,,,,,,,,,,,,,,
,,,,,,,,,,,,,,,,,,,,,,,,,,
,,,,,,,,,,,,,,,,,,,,,,,,,,
,,,,,,,,,,,,,,,,,,,,,,,,,,
,,,,,,,,,,,,,,,,,,,,,,,,,,
,,,,,,,,,,,,,,,,,,,,,,,,,,
,,,,,,,,,,,,,,,,,,,,,,,,,,
,,,,,,,,,,,,,,,,,,,,,,,,,,
,,,,,,,,,,,,,,,,,,,,,,,,,,
,,,,,,,,,,,,,,,,,,,,,,,,,,
,,,,,,,,,,,,,,,,,,,,,,,,,,
,,,,,,,,,,,,,,,,,,,,,,,,,,
,,,,,,,,,,,,,,,,,,,,,,,,,,
,,,,,,,,,,,,,,,,,,,,,,,,,,
,,,,,,,,,,,,,,,,,,,,,,,,,,
,,,,,,,,,,,,,,,,,,,,,,,,,,
,,,,,,,,,,,,,,,,,,,,,,,,,,
,,,,,,,,,,,,,,,,,,,,,,,,,,
,,,,,,,,,,,,,,,,,,,,,,,,,,
,,,,,,,,,,,,,,,,,,,,,,,,,,
,,,,,,,,,,,,,,,,,,,,,,,,,,
,,,,,,,,,,,,,,,,,,,,,,,,,,
,,,,,,,,,,,,,,,,,,,,,,,,,,
,,,,,,,,,,,,,,,,,,,,,,,,,,
,,,,,,,,,,,,,,,,,,,,,,,,,,
,,,,,,,,,,,,,,,,,,,,,,,,,,
,,,,,,,,,,,,,,,,,,,,,,,,,,
,,,,,,,,,,,,,,,,,,,,,,,,,,
,,,,,,,,,,,,,,,,,,,,,,,,,,
,,,,,,,,,,,,,,,,,,,,,,,,,,
,,,,,,,,,,,,,,,,,,,,,,,,,,
,,,,,,,,,,,,,,,,,,,,,,,,,,
,,,,,,,,,,,,,,,,,,,,,,,,,,
,,,,,,,,,,,,,,,,,,,,,,,,,,
,,,,,,,,,,,,,,,,,,,,,,,,,,
,,,,,,,,,,,,,,,,,,,,,,,,,,
,,,,,,,,,,,,,,,,,,,,,,,,,,
,,,,,,,,,,,,,,,,,,,,,,,,,,
,,,,,,,,,,,,,,,,,,,,,,,,,,
,,,,,,,,,,,,,,,,,,,,,,,,,,
,,,,,,,,,,,,,,,,,,,,,,,,,,
,,,,,,,,,,,,,,,,,,,,,,,,,,
,,,,,,,,,,,,,,,,,,,,,,,,,,
,,,,,,,,,,,,,,,,,,,,,,,,,,
,,,,,,,,,,,,,,,,,,,,,,,,,,
,,,,,,,,,,,,,,,,,,,,,,,,,,
,,,,,,,,,,,,,,,,,,,,,,,,,,
,,,,,,,,,,,,,,,,,,,,,,,,,,
,,,,,,,,,,,,,,,,,,,,,,,,,,
,,,,,,,,,,,,,,,,,,,,,,,,,,
,,,,,,,,,,,,,,,,,,,,,,,,,,
,,,,,,,,,,,,,,,,,,,,,,,,,,
,,,,,,,,,,,,,,,,,,,,,,,,,,
,,,,,,,,,,,,,,,,,,,,,,,,,,
,,,,,,,,,,,,,,,,,,,,,,,,,,
,,,,,,,,,,,,,,,,,,,,,,,,,,
,,,,,,,,,,,,,,,,,,,,,,,,,,
,,,,,,,,,,,,,,,,,,,,,,,,,,
,,,,,,,,,,,,,,,,,,,,,,,,,,
,,,,,,,,,,,,,,,,,,,,,,,,,,
,,,,,,,,,,,,,,,,,,,,,,,,,,
,,,,,,,,,,,,,,,,,,,,,,,,,,
,,,,,,,,,,,,,,,,,,,,,,,,,,
,,,,,,,,,,,,,,,,,,,,,,,,,,
,,,,,,,,,,,,,,,,,,,,,,,,,,
,,,,,,,,,,,,,,,,,,,,,,,,,,
,,,,,,,,,,,,,,,,,,,,,,,,,,
,,,,,,,,,,,,,,,,,,,,,,,,,,
,,,,,,,,,,,,,,,,,,,,,,,,,,
,,,,,,,,,,,,,,,,,,,,,,,,,,
,,,,,,,,,,,,,,,,,,,,,,,,,,
,,,,,,,,,,,,,,,,,,,,,,,,,,
,,,,,,,,,,,,,,,,,,,,,,,,,,
,,,,,,,,,,,,,,,,,,,,,,,,,,
,,,,,,,,,,,,,,,,,,,,,,,,,,
,,,,,,,,,,,,,,,,,,,,,,,,,,
,,,,,,,,,,,,,,,,,,,,,,,,,,
,,,,,,,,,,,,,,,,,,,,,,,,,,
,,,,,,,,,,,,,,,,,,,,,,,,,,
,,,,,,,,,,,,,,,,,,,,,,,,,,
,,,,,,,,,,,,,,,,,,,,,,,,,,
,,,,,,,,,,,,,,,,,,,,,,,,,,
,,,,,,,,,,,,,,,,,,,,,,,,,,
,,,,,,,,,,,,,,,,,,,,,,,,,,
,,,,,,,,,,,,,,,,,,,,,,,,,,
,,,,,,,,,,,,,,,,,,,,,,,,,,
,,,,,,,,,,,,,,,,,,,,,,,,,,
,,,,,,,,,,,,,,,,,,,,,,,,,,
,,,,,,,,,,,,,,,,,,,,,,,,,,
,,,,,,,,,,,,,,,,,,,,,,,,,,
