??????? ???????,"???????, ???","??? ???????? ??????? ??????????? ?????? ?????????, ???????? ?? (??????????? ??????????)?",????? ????????? ?????????? ???????????? ? ?????? ?? ???? ??????????,?? ??? ??? ????? ????????,???? ??????????????? ??????????? ???????? ?? ????? ?????? ,?? ????? ????????? ???????? ????? ????? ???????? ? ???????? ,? ????? ?????????? ????????? ???????? ?????? ???????? ?????????? ????????,?????? ???????? ?????? ???????? ?? ??? ????? ??????????? ??????? ????? ??????????? ????? ???? ?? ???????????? ????? ????????,??? ??????????? ?????? ?? ??????? ?????? ,"??? ???????? ?????? ???????, ???? ??? ????? ???????? ??????? ????? ????? ??? ?? 3 ???????",?? ??????? ???????? ?????? ???? ?? ??????? ????? ? ?????? ??????,??????????? ?????????? ? ???????? ???? ?????????,????? ?????? ??????????? ????? ?????? ????? ?????? ??? ?????? ???????,"??? ????? ???????, ???? ????? ???????????? ? ???????? ",????? ??????? ???????? ?????? ?????????? ????? ? ?????? ???????? ,????? ??????? ?????? ?????????. ??? ???????? ?????? ????????,????? ?????? ??????? ????? ???????? ? ????? ????? ????????? ???????,??? ??????????? ????? ??????? ????? ????? ???????? ?????? ?? ??????????? ??????? ,"??? ????? ??????????? ? ?????? ????? ? ???? ????? ???????, ??? ????, ???????, ?????????","?? ????? ?????? ???????? ?????, ????????, ???????, ?????",?? ????? ?????? ???????? ???????? ? ??????? ????????? ,? ????? ?????? ???????? ?????????? ? ???? ??????,"????? ?????? ????? ?????? ?????, ????? ?? ????????? ? ????, ? ?? ????????? ?????","????? ???????? ????? ????????? ????? ????, ??? ????? ?????","??? ????? ???????, ???? ????? ????? ????? ?????????? ?????????? ???????? ?????????",??? ????? ????????? ??? ??????????? ????????? ?? ?????????? ???????? ?????????? ,"????? ?????????? ????????? ????????, ???? ???? ????????? ?? ??????????? ?????????? ",??? ?????????? ??????? ? ?????????? ? ?????????? ?????????? ????? ??????????, ?? ?????? ???????? ????? ???????????? ????????? ?? ???????? ,??? ????? ???????? ?????? ????????? ????????? ?? ???? ?????????,"?????? ????? ?????????? ???????, ??????????? ???????",?? ????? ????????? ???????? ????????? ????????? ?? ???????????? ,??? ???????? ?????? ??????? ??? ??????????? ??????????? ?????????? ,?????
Tue Jul 01 2025 14:35:36 GMT+0300 (Moscow Standard Time),??????????? / ????,"?????, ??????????? ?? ?????? ??????","??????????? ??????????, ???-???? ????????? / ???????","?? ????????????? ???????????? ???????????? ??? ???????????? ??????, ?? ??, ??? ?????? ???????? ???????? ? ????? ?? ??????? ?????, ?? ?????????????? ????????? ? ?????? / ???????????","????????? ???????, ???-???????, ??????? ?????",???????? -> ??????? ??????? -> ??????? -> ???-???????,"???? ????????????? ?????? ?????, ???? ?? ??? ????? ?????, ???? ????? ???????? ? ??????? ?????, ???? ???????? ????????? ??? ???????????? ??? ??? ???????????? ???????",????????,"?????? ?? ?????? ? ????? ???? ??? ??????, ???????? ??????? ????? ?????? ? ???????, ???????? ????? ??? ????????, ???????? ?? ????? ??? ??????, ????????? ?????? ? ??????????",????,??????,"??????? ??????, ????????? ????????, ??????? ??????????? ?????, ?????? ???????, ??????, ??? ?????, ??????????? ?????? ? ?????? ?????",??? ????????,?????????? ????? ?????? ? ?????? ? ???????????? ?? ?????????,?????,??????????? ?????????? ???-?? ?? ???????????? ???????,"? ????? ??? ? ?????, ?????? ????????? ??? ???????","????????? ??? ?? ??????????? ?????? ? ?????????, ??? ?? ???? ???????? ""????????""","????????? ?? ?????, ????????? ?? ????????? ? ???????? ?? ??????? ??????? ??????? (??? ????????????? ?????? ? ????????? ?????/???)",?? ????????? ????????,?? ??????? ??????? ????????,?? ???????? ???????,??? ??? ???????????? ?????? ???-?????? ??? ?? ?????,"??????? ??? ?????????????? ??????, ???????? ??????? ? ??????? ?? ?????, ????????? ????????? ??????????? ????? ? ????????? ?????? ????????, ????????? ??????? ???? ???????? ????????","????????? ????????? ???????? ??? (? ?????????!), ?? ??????, ???? ?????? ???????? ????? ????, ?????????? ???????? ?? ???? ???????? ?????",???????? ???,?????????? ???????? ??????? ??? ?????????? ???????? ? ?????? ????? ?? ?????????,??????????? ???????? ????????? ????????-???????,?? ????????????: ????? ??????? ?????? ? ?????? ? ? ?????,?????? ??? ??????????? ????? ?????? ????????? ?? ??????????,"????? ???????? ??????????? ? ????? ?????????, ??? ???????? ? ???????????? ???????? ? ?????????? ???????","?? ???????????????? ???? (?????????? ???????, ????, ????????????), ?? ??????? ?????? (??? ???????????, ??????/?????? ???), ?? ??????????? ????? ????????",?????????? ???????? ???????,61
Tue Jul 01 2025 15:29:24 GMT+0300 (Moscow Standard Time),??????? ?????? ,"?????, ??????????? ?? ?????? ??????","??????????? ??????????, ???-???? ????????? / ???????","?? ????????????? ???????????? ???????????? ??? ???????????? ??????, ?? ?????????????? ????????? ? ?????? / ???????????, ?? ?????? ? ??????????????? ?????????","????????? ???????, ???-???????, ??????? ?????",???????? -> ??????? ??????? -> ??????? -> ???-???????,"???? ????? ???????? ? ??????? ?????, ???? ???????? ????????? ??? ???????????? ??? ??? ???????????? ???????",?? ?????? ?????? ?????? ?????? ????,"?????? ?? ?????? ? ????? ???? ??? ??????, ???????? ??????? ????? ?????? ? ???????, ???????? ????? ??? ????????, ???????? ?? ????? ??? ??????, ????????? ?????? ? ??????????",???????????? ???????? ? ????? ,7:45,"??????? ??????, ????????? ????????, ??????? ??????????? ?????, ?????? ???????, ??????, ??? ?????, ??????????? ?????? ? ?????? ?????",??? ????????,?????????? ????? ?????? ? ?????? ? ???????????? ?? ?????????,??????? ? ??????? ,??????????? ?????????? ???-?? ?? ???????????? ???????,"? ????? ??? ? ?????, ?????? ????????? ??? ???????","????????? ??? ?? ??????????? ?????? ? ?????????, ??? ?? ???? ???????? ""????????""","????????? ?? ?????, ????????? ?? ????????? ? ???????? ?? ??????? ??????? ??????? (??? ????????????? ?????? ? ????????? ?????/???)",?? ????????? ????????,?? ??????? ??????? ????????,?? ???????? ???????,??? ??? ???????????? ?????? ???-?????? ??? ?? ?????,"??????? ??? ?????????????? ??????, ???????? ??????? ? ??????? ?? ?????, ????????? ????????? ??????????? ????? ? ????????? ?????? ????????, ????????? ??????? ???? ???????? ????????","????????? ????????? ???????? ??? (? ?????????!), ?? ??????, ???? ?????? ???????? ????? ????, ??????? ??????? ???????? ????? ? ????????, ?? ???? ?? ?? ?????? ????????, ?????????? ???????? ?? ???? ???????? ?????","?????????? (????????? ? ?????????), ???????? ???",?????????? ???????? ??????? ??? ?????????? ???????? ? ?????? ????? ?? ?????????,????? ???????? ?????????? ? ???????? ????? ? ?????? ???? ?? ???????,"??????? ????????? ? ????? ?????? ????? ???????? (????? ?????? ????? ? ????), ????? ? ????? ??????? (????? ?????? ????? ? ?????)",?????? ???? ? ????? ?????,"????? ???????? ??????????? ? ????? ?????????, ??? ???????? ? ???????????? ???????? ? ?????????? ???????","?? ???????????????? ???? (?????????? ???????, ????, ????????????), ?? ??????? ?????? (??? ???????????, ??????/?????? ???), ?? ??????????? ????? ????????",?????????? ???????? ???????,74
Thu Jul 10 2025 13:16:57 GMT+0300 (Moscow Standard Time),???????? ,????????????? ????? ??????? ??? ????????????? ????????,???-???? ???????,"?? ????????????? ???????????? ???????????? ??? ???????????? ??????, ?? ?????????????? ????????? ? ?????? / ???????????, ?? ?????? ? ??????????????? ?????????",??????? ?????,???????? -> ??????? ??????? -> ??????? -> ???-???????,"???? ????????????? ?????? ?????, ???? ?? ??? ????? ?????, ???? ????? ???????? ? ??????? ?????, ???? ???????? ????????? ??? ???????????? ??? ??? ???????????? ???????",?????????? ??? ?? ???? ???? ,"?????? ?? ?????? ? ????? ???? ??? ??????, ???????? ??????? ????? ?????? ? ???????, ???????? ????? ??? ????????, ???????? ?? ????? ??? ??????, ?????????? ????? ??????? ????????? ??? ???????? ????????? ???????????, ????????? ?????? ? ??????????, ????????? ??????? ????? ?????????, ????? ???????? ????????? ???????????, ?????? ??? ?????? ???? ?? ?????? ",????????? ???????? ? ????? ,7:45,"??????? ??????, ????????? ????????, ??????? ??????????? ?????, ?????? ???????, ??????, ??? ?????, ??????????? ?????? ? ?????? ?????",??? ????????,?????????? ????? ?????? ? ?????? ? ???????????? ?? ?????????,??????? ? ?????? ?? ?????? ,??????????? ?????????? ???-?? ?? ???????????? ???????,"? ????? ??? ? ?????, ?????? ????????? ??? ???????","????????? ??? ?? ??????????? ?????? ? ?????????, ??? ?? ???? ???????? ""????????""","????????? ?? ?????, ????????? ?? ????????? ? ???????? ?? ??????? ??????? ??????? (??? ????????????? ?????? ? ????????? ?????/???)",?? ????????? ????????,?? ??????? ??????? ????????,?? ???????? ???????,??? ??? ???????????? ?????? ???-?????? ??? ?? ?????,"??????? ??? ?????????????? ??????, ???????? ??????? ? ??????? ?? ?????, ????????? ????????? ??????????? ????? ? ????????? ?????? ????????, ????????? ??????? ???? ???????? ????????","??????? ???????: '??? ?????-404!' ? ?????? ???????? ???????, ????????? ????????? ???????? ??? (? ?????????!), ?? ??????, ???? ?????? ???????? ????? ????, ?????????? ???????? ?? ???? ???????? ?????","?????????? (????????? ? ?????????), ???????? ???",?????????? ???????? ??????? ??? ?????????? ???????? ? ?????? ????? ?? ?????????,????? ???????? ?????????? ? ???????? ????? ? ?????? ???? ?? ???????,"??????? ????????? ? ????? ?????? ????? ???????? (????? ?????? ????? ? ????), ????? ? ????? ??????? (????? ?????? ????? ? ?????)",?????? ???? ? ????? ?????,"????? ???????? ??????????? ? ????? ?????????, ??? ???????? ? ???????????? ???????? ? ?????????? ???????",?? ??????????? ????? ????????,?????????? ???????? ???????,63
Thu Jul 10 2025 13:39:34 GMT+0300 (Moscow Standard Time),??????? ,"?????, ??????????? ?? ?????? ??????","??????????? ??????????, ???-???? ????????? / ???????","?? ????????????? ???????????? ???????????? ??? ???????????? ??????, ?? ?????????????? ????????? ? ?????? / ???????????, ?? ?????? ? ??????????????? ?????????",??????? ?????,???????? -> ??????? ??????? -> ??????? -> ???-???????,"???? ?? ??? ????? ?????, ???? ????? ???????? ? ??????? ?????, ???? ???????? ????????? ??? ???????????? ??? ??? ???????????? ???????",?????? ????? ?? ?????? ? ?? ???? ??? ????? ???????? ,"?????????? ????????????? ????????? ?? ??????? ????? ?????????, ?????? ?? ?????? ? ????? ???? ??? ??????, ???????? ??????? ????? ?????? ? ???????, ???????? ????? ??? ????????, ???????? ?? ????? ??? ??????, ?????????? ????? ??????? ????????? ??? ???????? ????????? ???????????, ????????? ?????? ? ??????????, ????????? ??????? ????? ?????????, ????? ???????? ????????? ???????????",???????????? ??????? ,7.40,"??????? ??????, ????????? ????????, ??????? ??????????? ?????, ?????? ???????, ??????, ??? ?????, ??????????? ?????? ? ?????? ?????",??? ????????,?????????? ????? ?????? ? ?????? ? ???????????? ?? ?????????,"??????? ?? ?????? ??? ????????, ? ??????? ????????????? ???? ???????? ",??????????? ?????????? ???-?? ?? ???????????? ???????,"? ????? ??? ? ?????, ?????? ????????? ??? ???????","????????? ??? ?? ??????????? ?????? ? ?????????, ??? ?? ???? ???????? ""????????""","????????? ?? ?????, ????????? ?? ????????? ? ???????? ?? ??????? ??????? ??????? (??? ????????????? ?????? ? ????????? ?????/???)",?? ????????? ????????,?? ??????? ??????? ????????,?? ???????? ???????,??? ??? ???????????? ?????? ???-?????? ??? ?? ?????,"??????? ??? ?????????????? ??????, ???????? ??????? ? ??????? ?? ?????, ????????? ????????? ??????????? ????? ? ????????? ?????? ????????, ????????? ??????? ???? ???????? ????????","????????? ????????? ???????? ??? (? ?????????!), ?? ??????, ???? ?????? ???????? ????? ????, ?????????? ???????? ?? ???? ???????? ?????","?????????? (????????? ? ?????????), ???????? ???",?????????? ???????? ??????? ??? ?????????? ???????? ? ?????? ????? ?? ?????????,??????????? ???????? ????????? ????????-???????,"??????? ????????? ? ????? ?????? ????? ???????? (????? ?????? ????? ? ????), ????? ? ????? ??????? (????? ?????? ????? ? ?????)",?????? ???? ? ????? ?????,"????? ???????? ??????????? ? ????? ?????????, ??? ???????? ? ???????????? ???????? ? ?????????? ???????",?? ??????????? ????? ????????,?????????? ???????? ???????,64
Thu Jul 10 2025 13:53:11 GMT+0300 (Moscow Standard Time),??????????? ????,"?????, ??????????? ?? ?????? ??????",???-???? ????????? / ???????,"?? ?????????????? ????????? ? ?????? / ???????????, ?? ?????? ? ??????????????? ?????????",??????? ?????,???????? -> ??????? ??????? -> ??????? -> ???-???????,"???? ????? ???????? ? ??????? ?????, ???? ???????? ????????? ??? ???????????? ??? ??? ???????????? ???????",????? ?? ?????? ?????? ,"?????? ?? ?????? ? ????? ???? ??? ??????, ???????? ??????? ????? ?????? ? ???????, ????????? ?????? ? ??????????",???????????? ?? ???? ???????? ?? ?????,? 7:45,"??????? ??????, ????????? ????????, ??????? ??????????? ?????, ?????? ???????, ??????, ??? ?????, ??????????? ?????? ? ?????? ?????",??? ????????,?????????? ????? ?????? ? ?????? ? ???????????? ?? ?????????,?? ??????? ??????? ?????????? ? ??????? ? ??????????,??????????? ?????????? ???-?? ?? ???????????? ???????,"? ????? ??? ? ?????, ?????? ????????? ??? ???????","????????? ??? ?? ??????????? ?????? ? ?????????, ??? ?? ???? ???????? ""????????""","????????? ?? ?????, ????????? ?? ????????? ? ???????? ?? ??????? ??????? ??????? (??? ????????????? ?????? ? ????????? ?????/???)",?? ????????? ????????,?? ??????? ??????? ????????,?? ???????? ???????,??? ??? ???????????? ?????? ???-?????? ??? ?? ?????,"??????? ??? ?????????????? ??????, ???????? ??????? ? ??????? ?? ?????, ????????? ????????? ??????????? ????? ? ????????? ?????? ????????, ????????? ??????? ???? ???????? ????????","??????? ???????: '??? ?????-404!' ? ?????? ???????? ???????, ??????? ??????? ???????? ????? ? ????????, ?? ???? ?? ?? ?????? ????????, ?????????? ???????? ?? ???? ???????? ?????","?????????? (????????? ? ?????????), ???????? ???",?????????? ???????? ??????? ??? ?????????? ???????? ? ?????? ????? ?? ?????????,??????????? ???????? ????????? ????????-???????,"??????? ????????? ? ????? ?????? ????? ???????? (????? ?????? ????? ? ????), ????? ? ????? ??????? (????? ?????? ????? ? ?????)",?????? ???? ? ????? ?????,"????? ???????? ??????????? ? ????? ?????????, ??? ???????? ? ???????????? ???????? ? ?????????? ???????","?? ???????????????? ???? (?????????? ???????, ????, ????????????), ?? ??????????? ????? ????????",?????????? ???????? ???????,55
Thu Jul 10 2025 16:12:21 GMT+0300 (Moscow Standard Time),???? ???????????,"?????, ??????????? ?? ?????? ??????","??????????? ??????????, ???-???? ????????? / ???????","?? ????????????? ???????????? ???????????? ??? ???????????? ??????, ?? ?????????????? ????????? ? ?????? / ???????????, ?? ?????? ? ??????????????? ?????????",??????? ?????,???????? -> ??????? ??????? -> ??????? -> ???-???????,"???? ?? ??? ????? ?????, ???? ????? ???????? ? ??????? ?????, ???? ???????? ????????? ??? ???????????? ??? ??? ???????????? ???????",???? ???? ???????? ???????? ? ?? ?????? ??????,"???????? ??????? ????? ?????? ? ???????, ???????? ????? ??? ????????, ???????? ?? ????? ??? ??????, ????????? ?????? ? ??????????",???????????? ??????? ?? ????,7:45,"??????? ??????, ????????? ????????, ??????? ??????????? ?????, ?????? ???????, ??????, ??? ?????, ??????????? ?????? ? ?????? ?????",??? ????????,?????????? ????? ?????? ? ?????? ? ???????????? ?? ?????????,??????? ??????? ?? ?????? ? ????????? ? ?????????? ?? ???????,??????????? ?????????? ???-?? ?? ???????????? ???????,"? ????? ??? ? ?????, ?????? ????????? ??? ???????","????????? ??? ?? ??????????? ?????? ? ?????????, ??? ?? ???? ???????? ""????????""","????????? ?? ?????, ????????? ?? ????????? ? ???????? ?? ??????? ??????? ??????? (??? ????????????? ?????? ? ????????? ?????/???)",?? ????????? ????????,?? ??????? ??????? ????????,?? ???????? ???????,??? ??? ???????????? ?????? ???-?????? ??? ?? ?????,"??????? ??? ?????????????? ??????, ???????? ??????? ? ??????? ?? ?????, ????????? ????????? ??????????? ????? ? ????????? ?????? ????????, ????????? ??????? ???? ???????? ????????","????????? ????????? ???????? ??? (? ?????????!), ?? ??????, ???? ?????? ???????? ????? ????, ??????? ??????? ???????? ????? ? ????????, ?? ???? ?? ?? ?????? ????????, ?????????? ???????? ?? ???? ???????? ?????","?????????? (????????? ? ?????????), ???????? ???",?????????? ???????? ??????? ??? ?????????? ???????? ? ?????? ????? ?? ?????????,??????????? ???????? ????????? ????????-???????,"??????? ????????? ? ????? ?????? ????? ???????? (????? ?????? ????? ? ????), ????? ? ????? ??????? (????? ?????? ????? ? ?????)",?????? ???? ? ????? ?????,"????? ???????? ??????????? ? ????? ?????????, ??? ???????? ? ???????????? ???????? ? ?????????? ???????","?? ???????????????? ???? (?????????? ???????, ????, ????????????), ?? ??????????? ????? ????????",?????????? ???????? ???????,64
Thu Jul 10 2025 16:24:03 GMT+0300 (Moscow Standard Time),???? ??????????,"?????, ??????????? ?? ?????? ??????","??????????? ??????????, ???-???? ????????? / ???????","?? ????????????? ???????????? ???????????? ??? ???????????? ??????, ?? ?????????????? ????????? ? ?????? / ???????????, ?? ?????? ? ??????????????? ?????????",??????? ?????,???????? -> ??????? ??????? -> ??????? -> ???-???????,"???? ????????????? ?????? ?????, ???? ?? ??? ????? ?????, ???? ????? ???????? ? ??????? ?????, ???? ???????? ????????? ??? ???????????? ??? ??? ???????????? ???????",??????-?? ????? ???? ???????? (???????? ??? ???????????? ??????? ),"?????? ?? ?????? ? ????? ???? ??? ??????, ???????? ??????? ????? ?????? ? ???????, ???????? ????? ??? ????????, ???????? ?? ????? ??? ??????, ????????? ?????? ? ??????????, ????? ?????????? ? ????????? ??????",???????????? ??????? ?? ????,? 7:45,"??????? ??????, ????????? ????????, ??????? ??????????? ?????, ?????? ???????, ??????, ??? ?????, ??????????? ?????? ? ?????? ?????",??? ????????,?????????? ????? ?????? ? ?????? ? ???????????? ?? ?????????,??????? ?? ?????? ,??????????? ?????????? ???-?? ?? ???????????? ???????,"? ????? ??? ? ?????, ?????? ????????? ??? ???????","????????? ??? ?? ??????????? ?????? ? ?????????, ??? ?? ???? ???????? ""????????""","????????? ?? ?????, ????????? ?? ????????? ? ???????? ?? ??????? ??????? ??????? (??? ????????????? ?????? ? ????????? ?????/???)",?? ????????? ????????,?? ??????? ??????? ????????,?? ???????? ???????,??? ??? ???????????? ?????? ???-?????? ??? ?? ?????,"??????? ??? ?????????????? ??????, ???????? ??????? ? ??????? ?? ?????, ????????? ????????? ??????????? ????? ? ????????? ?????? ????????, ????????? ??????? ???? ???????? ????????","????????? ????????? ???????? ??? (? ?????????!), ?? ??????, ???? ?????? ???????? ????? ????, ??????? ??????? ???????? ????? ? ????????, ?? ???? ?? ?? ?????? ????????, ?????????? ???????? ?? ???? ???????? ?????","?????????? (????????? ? ?????????), ???????? ???",?????????? ???????? ??????? ??? ?????????? ???????? ? ?????? ????? ?? ?????????,????? ???????? ?????????? ? ???????? ????? ? ?????? ???? ?? ???????,"??????? ????????? ? ????? ?????? ????? ???????? (????? ?????? ????? ? ????), ????? ? ????? ??????? (????? ?????? ????? ? ?????)",?????? ???? ? ????? ?????,"????? ???????? ??????????? ? ????? ?????????, ??? ???????? ? ???????????? ???????? ? ?????????? ???????","?? ???????????????? ???? (?????????? ???????, ????, ????????????), ?? ??????? ?????? (??? ???????????, ??????/?????? ???), ?? ??????????? ????? ????????",?????????? ???????? ???????,70
Thu Jul 10 2025 18:32:24 GMT+0300 (Moscow Standard Time),???????? ???????? ,????????????? ????? ??????? ??? ????????????? ????????,"??????????? ??????????, ???-???? ????????? / ???????","?? ????????????? ???????????? ???????????? ??? ???????????? ??????, ?? ?????? ? ??????????????? ?????????",??????? ?????,???????? -> ??????? ??????? -> ??????? -> ???-???????,"???? ????? ???????? ? ??????? ?????, ???? ???????? ????????? ??? ???????????? ??? ??? ???????????? ???????","?? ?????? ??????, ???????? ?? ??????? ????? ? ?????? ??? ? ?????, ? ??????? ??? ???? ? ???????, ?????????????? ????? ?? ??? ???????. ? ????? ????????? ","?????????? ????????????? ????????? ?? ??????? ????? ?????????, ?????? ?? ?????? ? ????? ???? ??? ??????, ???????? ??????? ????? ?????? ? ???????, ???????? ????? ??? ????????, ???????? ?? ????? ??? ??????, ?????????? ????? ??????? ????????? ??? ???????? ????????? ???????????, ????????? ?????? ? ??????????, ????????? ??????? ????? ?????????, ????? ???????? ????????? ???????????","???????????? ?? ???? ???????, ??????? ???????. ",7:45,"??????? ??????, ????????? ????????, ??????? ??????????? ?????, ?????? ???????, ??????, ??? ?????, ??????????? ?????? ? ?????? ?????",??? ????????,?????????? ????? ?????? ? ?????? ? ???????????? ?? ?????????,????????? ???????,??????????? ?????????? ???-?? ?? ???????????? ???????,"? ????? ??? ? ?????, ?????? ????????? ??? ???????","????????? ??? ?? ??????????? ?????? ? ?????????, ??? ?? ???? ???????? ""????????""","????????? ?? ?????, ????????? ?? ????????? ? ???????? ?? ??????? ??????? ??????? (??? ????????????? ?????? ? ????????? ?????/???)",?? ????????? ????????,?? ??????? ??????? ????????,?? ???????? ???????,??? ??? ???????????? ?????? ???-?????? ??? ?? ?????,"??????? ??? ?????????????? ??????, ???????? ??????? ? ??????? ?? ?????, ????????? ????????? ??????????? ????? ? ????????? ?????? ????????, ????????? ??????? ???? ???????? ????????","????????? ????????? ???????? ??? (? ?????????!), ?? ??????, ???? ?????? ???????? ????? ????, ?????????? ???????? ?? ???? ???????? ?????","?????????? (????????? ? ?????????), ???????? ???",?????????? ???????? ??????? ??? ?????????? ???????? ? ?????? ????? ?? ?????????,??????????? ???????? ????????? ????????-???????,"??????? ????????? ? ????? ?????? ????? ???????? (????? ?????? ????? ? ????), ????? ? ????? ??????? (????? ?????? ????? ? ?????)",?????? ???? ? ????? ?????,"????? ???????? ??????????? ? ????? ?????????, ??? ???????? ? ???????????? ???????? ? ?????????? ???????","?? ???????????????? ???? (?????????? ???????, ????, ????????????), ?? ??????? ?????? (??? ???????????, ??????/?????? ???), ?? ??????????? ????? ????????",?????????? ???????? ???????,64
Thu Jul 10 2025 18:45:41 GMT+0300 (Moscow Standard Time),????????? ????????? ,"?????, ??????????? ?? ?????? ??????","??????????? ??????????, ???-???? ????????? / ???????, ??????????? ????????","?? ????????????? ???????????? ???????????? ??? ???????????? ??????, ?? ??, ??? ?????? ???????? ???????? ? ????? ?? ??????? ?????, ?? ?????????????? ????????? ? ?????? / ???????????, ?? ?????? ? ??????????????? ?????????, ?? ??????? ? ??????? ???? ? ?? ???????????? ??????? ?? ?????????? ?? ????","????????? ???????, ???-???????, ??????? ?????",???????? -> ??????? ??????? -> ??????? -> ???-???????,"???? ????????????? ?????? ?????, ???? ?? ??? ????? ?????, ???? ????? ???????? ? ??????? ?????, ???? ???????? ????????? ??? ???????????? ??? ??? ???????????? ???????","??? ??? ?????? ????? ?? ?????? ??? ?????????? ??????, ?? ????? ?????? ?????????? ?????? ? ?????? ?? ?????","?????????? ????????????? ????????? ?? ??????? ????? ?????????, ?????? ?? ?????? ? ????? ???? ??? ??????, ???????? ??????? ????? ?????? ? ???????, ???????? ????? ??? ????????, ???????? ?? ????? ??? ??????, ?????????? ????? ??????? ????????? ??? ???????? ????????? ???????????, ????????? ?????? ? ??????????, ????????? ??????? ????? ?????????, ????? ???????? ????????? ???????????",????????? ??????? ?????? ?? ???,? 7:45,"??????? ??????, ????????? ????????, ??????? ??????????? ?????, ?????? ???????, ??????, ??? ?????, ??????????? ?????? ? ?????? ?????",??? ????????,?????????? ????? ?????? ? ?????? ? ???????????? ?? ?????????,"??,??????? ?? ?????? ? ??????? ??????????",??????????? ?????????? ???-?? ?? ???????????? ???????,"? ????? ??? ? ?????, ?????? ????????? ??? ???????","????????? ??? ?? ??????????? ?????? ? ?????????, ??? ?? ???? ???????? ""????????""","????????? ?? ?????, ????????? ?? ????????? ? ???????? ?? ??????? ??????? ??????? (??? ????????????? ?????? ? ????????? ?????/???)",?? ????????? ????????,?? ??????? ??????? ????????,?? ???????? ???????,??? ??? ???????????? ?????? ???-?????? ??? ?? ?????,"??????? ??? ?????????????? ??????, ???????? ??????? ? ??????? ?? ?????, ????????? ????????? ??????????? ????? ? ????????? ?????? ????????, ????????? ??????? ???? ???????? ????????","????????? ????????? ???????? ??? (? ?????????!), ?? ??????, ???? ?????? ???????? ????? ????, ??????? ??????? ???????? ????? ? ????????, ?? ???? ?? ?? ?????? ????????, ?????????? ???????? ?? ???? ???????? ?????","?????????? (????????? ? ?????????), ???????? ???",?????????? ???????? ??????? ??? ?????????? ???????? ? ?????? ????? ?? ?????????,??????????? ???????? ????????? ????????-???????,"??????? ????????? ? ????? ?????? ????? ???????? (????? ?????? ????? ? ????), ????? ? ????? ??????? (????? ?????? ????? ? ?????)",?????? ???? ? ????? ?????,"????? ???????? ??????????? ? ????? ?????????, ??? ???????? ? ???????????? ???????? ? ?????????? ???????","?? ???????????????? ???? (?????????? ???????, ????, ????????????), ?? ??????? ?????? (??? ???????????, ??????/?????? ???), ?? ??????????? ????? ????????",?????????? ???????? ???????,67
Thu Jul 10 2025 18:50:21 GMT+0300 (Moscow Standard Time),???????? ,????????????? ????? ??????? ??? ????????????? ????????,"??????????? ??????????, ???-???? ???????","?? ????????????? ???????????? ???????????? ??? ???????????? ??????, ?? ??, ??? ?????? ???????? ???????? ? ????? ?? ??????? ?????, ?? ?????????????? ????????? ? ?????? / ???????????, ?? ?????? ? ??????????????? ?????????","????????? ???????, ???-???????, ??????? ?????",???????? -> ??????? ??????? -> ??????? -> ???-???????,"???? ????????????? ?????? ?????, ???? ?? ??? ????? ?????, ???? ????? ???????? ? ??????? ?????, ???? ???????? ????????? ??? ???????????? ??? ??? ???????????? ???????",?????? ???? ?? ?????? ??????? ,"?????????? ????????????? ????????? ?? ??????? ????? ?????????, ?????? ?? ?????? ? ????? ???? ??? ??????, ???????? ??????? ????? ?????? ? ???????, ???????? ????? ??? ????????, ???????? ?? ????? ??? ??????, ?????????? ????? ??????? ????????? ??? ???????? ????????? ???????????, ????????? ?????? ? ??????????, ????????? ??????? ????? ?????????, ????? ???????? ????????? ???????????",???????? ??????? ,7:45,"??????? ??????, ????????? ????????, ??????? ??????????? ?????, ?????? ???????, ??????, ??? ?????, ??????????? ?????? ? ?????? ?????",??? ????????,?????????? ????? ?????? ? ?????? ? ???????????? ?? ?????????,?????????? ? ????? ,??????????? ?????????? ???-?? ?? ???????????? ???????,"? ????? ??? ? ?????, ?????? ????????? ??? ???????, ? ??? ???? ??????? ?????????","????????? ??? ?? ??????????? ?????? ? ?????????, ??? ?? ???? ???????? ""????????""","????????? ?? ?????, ????????? ?? ????????? ? ???????? ?? ??????? ??????? ??????? (??? ????????????? ?????? ? ????????? ?????/???)",?? ????????? ????????,?? ??????? ??????? ????????,?? ???????? ???????,??? ??? ???????????? ?????? ???-?????? ??? ?? ?????,"??????? ??? ?????????????? ??????, ???????? ??????? ? ??????? ?? ?????, ????????? ????????? ??????????? ????? ? ????????? ?????? ????????, ????????? ??????? ???? ???????? ????????","????????? ????????? ???????? ??? (? ?????????!), ?? ??????, ???? ?????? ???????? ????? ????, ??????? ??????? ???????? ????? ? ????????, ?? ???? ?? ?? ?????? ????????, ?????????? ???????? ?? ???? ???????? ?????","?????????? (????????? ? ?????????), ???????? ???",?????????? ???????? ??????? ??? ?????????? ???????? ? ?????? ????? ?? ?????????,????? ???????? ?????????? ? ???????? ????? ? ?????? ???? ?? ???????,"??????? ????????? ? ????? ?????? ????? ???????? (????? ?????? ????? ? ????), ????? ? ????? ??????? (????? ?????? ????? ? ?????)",?????? ???? ? ????? ?????,"????? ???????? ??????????? ? ????? ?????????, ??? ???????? ? ???????????? ???????? ? ?????????? ???????","?? ???????????????? ???? (?????????? ???????, ????, ????????????), ?? ??????? ?????? (??? ???????????, ??????/?????? ???), ?? ??????????? ????? ????????",?????????? ???????? ???????,60
Thu Jul 10 2025 18:55:03 GMT+0300 (Moscow Standard Time),???????? ???????,"?????, ??????????? ?? ?????? ??????","??????????? ??????????, ???-???? ????????? / ???????","?? ????????????? ???????????? ???????????? ??? ???????????? ??????, ?? ?????????????? ????????? ? ?????? / ???????????, ?? ?????? ? ??????????????? ?????????","????????? ???????, ???-???????, ??????? ?????",???????? -> ??????? ??????? -> ??????? -> ???-???????,"???? ????????????? ?????? ?????, ???? ?? ??? ????? ?????, ???? ????? ???????? ? ??????? ?????, ???? ???????? ????????? ??? ???????????? ??? ??? ???????????? ???????","?????? ????? ?? ??????, ?????????? ???????? ? ????? ????? ?????????? ","???????? ??????? ????? ?????? ? ???????, ???????? ????? ??? ????????, ???????? ?? ????? ??? ??????, ????????? ?????? ? ??????????",?????????? ??????? ,7.45,"??????? ??????, ????????? ????????, ??????? ??????????? ?????, ?????? ???????, ??????, ??? ?????, ??????????? ?????? ? ?????? ?????",??? ????????,?????????? ????? ?????? ? ?????? ? ???????????? ?? ?????????,?? ?????? ,??????????? ?????????? ???-?? ?? ???????????? ???????,"? ????? ??? ? ?????, ?????? ????????? ??? ???????","????????? ??? ?? ??????????? ?????? ? ?????????, ??? ?? ???? ???????? ""????????""","????????? ?? ?????, ????????? ?? ????????? ? ???????? ?? ??????? ??????? ??????? (??? ????????????? ?????? ? ????????? ?????/???)",?? ????????? ????????,?? ??????? ??????? ????????,?? ???????? ???????,??? ??? ???????????? ?????? ???-?????? ??? ?? ?????,"??????? ??? ?????????????? ??????, ???????? ??????? ? ??????? ?? ?????, ????????? ????????? ??????????? ????? ? ????????? ?????? ????????, ????????? ??????? ???? ???????? ????????","????????? ????????? ???????? ??? (? ?????????!), ?? ??????, ???? ?????? ???????? ????? ????, ?????????? ???????? ?? ???? ???????? ?????","?????????? (????????? ? ?????????), ???????? ???",?????????? ???????? ??????? ??? ?????????? ???????? ? ?????? ????? ?? ?????????,??????????? ???????? ????????? ????????-???????,"??????? ????????? ? ????? ?????? ????? ???????? (????? ?????? ????? ? ????), ????? ? ????? ??????? (????? ?????? ????? ? ?????)",?????? ???? ? ????? ?????,"????? ???????? ??????????? ? ????? ?????????, ??? ???????? ? ???????????? ???????? ? ?????????? ???????","?? ???????????????? ???? (?????????? ???????, ????, ????????????), ?? ??????? ?????? (??? ???????????, ??????/?????? ???), ?? ??????????? ????? ????????",?????????? ???????? ???????,76
Fri Jul 11 2025 10:36:16 GMT+0300 (Moscow Standard Time),??????? ?????? ,"?????, ??????????? ?? ?????? ??????","??????????? ??????????, ???-???? ????????? / ???????","?? ????????????? ???????????? ???????????? ??? ???????????? ??????, ?? ?????????????? ????????? ? ?????? / ???????????, ?? ?????? ? ??????????????? ?????????","????????? ???????, ???-???????, ??????? ?????",???????? -> ??????? ??????? -> ??????? -> ???-???????,"???? ????????????? ?????? ?????, ???? ?? ??? ????? ?????, ???? ????? ???????? ? ??????? ?????, ???? ???????? ????????? ??? ???????????? ??? ??? ???????????? ???????",?????? ??? ?????? ??? ?????,"?????? ?? ?????? ? ????? ???? ??? ??????, ???????? ??????? ????? ?????? ? ???????, ???????? ????? ??? ????????, ???????? ?? ????? ??? ??????, ????????? ?????? ? ??????????",???????????? ??????? ,7:45,"??????? ??????, ????????? ????????, ??????? ??????????? ?????, ?????? ???????, ??????, ??? ?????, ??????????? ?????? ? ?????? ?????",??? ????????,?????????? ????? ?????? ? ?????? ? ???????????? ?? ?????????,"?????????, ?????????? ",??????????? ?????????? ???-?? ?? ???????????? ???????,"? ????? ??? ? ?????, ?????? ????????? ??? ???????","????????? ??? ?? ??????????? ?????? ? ?????????, ??? ?? ???? ???????? ""????????""","????????? ?? ?????, ????????? ?? ????????? ? ???????? ?? ??????? ??????? ??????? (??? ????????????? ?????? ? ????????? ?????/???)",?? ????????? ????????,?? ??????? ??????? ????????,?? ???????? ???????,??? ??? ???????????? ?????? ???-?????? ??? ?? ?????,"??????? ??? ?????????????? ??????, ???????? ??????? ? ??????? ?? ?????, ????????? ????????? ??????????? ????? ? ????????? ?????? ????????, ????????? ??????? ???? ???????? ????????",?????????? ???????? ?? ???? ???????? ?????,"?????????? (????????? ? ?????????), ???????? ???",?????????? ???????? ??????? ??? ?????????? ???????? ? ?????? ????? ?? ?????????,??????????? ???????? ????????? ????????-???????,"??????? ????????? ? ????? ?????? ????? ???????? (????? ?????? ????? ? ????), ????? ? ????? ??????? (????? ?????? ????? ? ?????)",?????? ???? ? ????? ?????,"????? ???????? ??????????? ? ????? ?????????, ??? ???????? ? ???????????? ???????? ? ?????????? ???????","?? ???????????????? ???? (?????????? ???????, ????, ????????????), ?? ??????? ?????? (??? ???????????, ??????/?????? ???), ?? ??????????? ????? ????????",?????????? ???????? ???????,81
Fri Jul 11 2025 10:54:56 GMT+0300 (Moscow Standard Time),?????? ???????? ,"?????, ??????????? ?? ?????? ??????","??????????? ??????????, ???-???? ????????? / ???????","?? ????????????? ???????????? ???????????? ??? ???????????? ??????, ?? ?????????????? ????????? ? ?????? / ???????????, ?? ?????? ? ??????????????? ?????????","????????? ???????, ???-???????, ??????? ?????",???????? -> ??????? ??????? -> ??????? -> ???-???????,"???? ????????????? ?????? ?????, ???? ?? ??? ????? ?????, ???? ????? ???????? ? ??????? ?????, ???? ???????? ????????? ??? ???????????? ??? ??? ???????????? ???????",?????? ??? ?????? ??? ????? ,"?????? ?? ?????? ? ????? ???? ??? ??????, ???????? ??????? ????? ?????? ? ???????, ???????? ????? ??? ????????, ???????? ?? ????? ??? ??????, ????????? ?????? ? ??????????",????????? ??????? ? ??????? ,7:45,"??????? ??????, ????????? ????????, ??????? ??????????? ?????, ?????? ???????, ??????, ??? ?????, ??????????? ?????? ? ?????? ?????",??? ????????,?????????? ????? ?????? ? ?????? ? ???????????? ?? ?????????,"???????, ??????? ?? ?????? ",??????????? ?????????? ???-?? ?? ???????????? ???????,"? ????? ??? ? ?????, ?????? ????????? ??? ???????","????????? ??? ?? ??????????? ?????? ? ?????????, ??? ?? ???? ???????? ""????????""","????????? ?? ?????, ????????? ?? ????????? ? ???????? ?? ??????? ??????? ??????? (??? ????????????? ?????? ? ????????? ?????/???)",?? ????????? ????????,?? ??????? ??????? ????????,?? ???????? ???????,??? ??? ???????????? ?????? ???-?????? ??? ?? ?????,"??????? ??? ?????????????? ??????, ???????? ??????? ? ??????? ?? ?????, ????????? ????????? ??????????? ????? ? ????????? ?????? ????????, ????????? ??????? ???? ???????? ????????",?????????? ???????? ?? ???? ???????? ?????,"?????????? (????????? ? ?????????), ???????? ???",?????????? ???????? ??????? ??? ?????????? ???????? ? ?????? ????? ?? ?????????,??????????? ???????? ????????? ????????-???????,"??????? ????????? ? ????? ?????? ????? ???????? (????? ?????? ????? ? ????), ????? ? ????? ??????? (????? ?????? ????? ? ?????)",?????? ???? ? ????? ?????,"????? ???????? ??????????? ? ????? ?????????, ??? ???????? ? ???????????? ???????? ? ?????????? ???????","?? ???????????????? ???? (?????????? ???????, ????, ????????????), ?? ??????? ?????? (??? ???????????, ??????/?????? ???), ?? ??????????? ????? ????????",?????????? ???????? ???????,81
Mon Jul 21 2025 10:53:26 GMT+0300 (Moscow Standard Time),???????? ,"?????, ??????????? ?? ?????? ??????",???-???? ????????? / ???????,"?? ????????????? ???????????? ???????????? ??? ???????????? ??????, ?? ?????? ? ??????????????? ?????????, ?? ?????????????? ????????? ? ?????? / ???????????","????????? ???????, ???-???????, ??????? ?????",???????? -> ??????? ??????? -> ??????? -> ???-???????,"???? ????????????? ?????? ?????, ???? ?? ??? ????? ?????, ???? ????? ???????? ? ??????? ?????, ???? ???????? ????????? ??? ???????????? ??? ??? ???????????? ???????",?????????? ??? ?? ?????? ??????? ,"?????? ?? ?????? ? ????? ???? ??? ??????, ???????? ??????? ????? ?????? ? ???????, ???????? ????? ??? ????????, ???????? ?? ????? ??? ??????, ????????? ??????, ??????????, ???????? ????? ? ???????? ?? ????? ??? ??????",???????? ??????? ,7:45,"??????? ??????, ????????? ????????, ??????? ??????????? ?????, ?????? ???????, ??????, ??? ?????, ??????????? ?????? ? ?????? ?????",??? ????????,?????????? ????? ?????? ? ?????? ? ???????????? ?? ?????????,??????? ????? ? ????????? ????? ,??????????? ?????????? ???-?? ?? ???????????? ???????,"? ????? ??? ? ?????, ?????? ????????? ??? ???????","????????? ??? ?? ??????????? ?????? ? ?????????, ??? ?? ???? ???????? ""????????""","????????? ?? ?????, ????????? ?? ????????? ? ???????? ?? ??????? ??????? ??????? (??? ????????????? ?????? ? ????????? ?????/???)",?? ????????? ????????,?? ??????? ??????? ????????,?? ???????? ???????,??? ??? ???????????? ?????? ???-?????? ??? ?? ?????,"??????? ??? ?????????????? ??????, ???????? ??????? ? ??????? ?? ?????, ????????? ????????? ??????????? ????? ? ????????? ?????? ????????, ????????? ??????? ???? ???????? ????????","????????? ????????? ???????? ??? (? ?????????!), ?? ??????, ???? ?????? ???????? ????? ????, ?????????? ???????? ?? ???? ???????? ?????","?????????? (????????? ? ?????????), ???????? ???",?????????? ???????? ??????? ??? ?????????? ???????? ? ?????? ????? ?? ?????????,??????????? ???????? ????????? ????????-???????,"??????? ????????? ? ????? ?????? ????? ???????? (????? ?????? ????? ? ????), ????? ? ????? ??????? (????? ?????? ????? ? ?????)",?????? ???? ? ????? ?????,"????? ???????? ??????????? ? ????? ?????????, ??? ???????? ? ???????????? ???????? ? ?????????? ???????","?? ???????????????? ???? (?????????? ???????, ????, ????????????), ?? ??????? ?????? (??? ???????????, ??????/?????? ???), ?? ??????????? ????? ????????",?????????? ???????? ???????,81