Наименование позиции,Барсервис (Наталья),Монин,Разница
"Сироп ”Белый шоколад” «Монин» стекло; 1л; D=8,H=33см	","750,00 ₽","698,00 ₽","52,00 ₽"
"Сироп ”Ваниль” «Монин» стекло; 1л; D=8,H=33см	","820,00 ₽","762,00 ₽","58,00 ₽"
"Сироп ”Гренадин” «Монин» стекло; 1л; D=8,H=33см	","640,00 ₽","597,00 ₽","43,00 ₽"
"Сироп ”Жел.банан” «Монин» стекло; 1л; D=8,H=33см	","750,00 ₽","698,00 ₽","52,00 ₽"
"Сироп Зеленая мята 1.0 л Монин Р, арт. 151503","750,00 ₽","698,00 ₽","52,00 ₽"
"Сироп ”Земляника” «Монин» стекло; 1л; D=8,H=33см	","820,00 ₽","762,00 ₽","58,00 ₽"
"Сироп ”Ирландский” «Монин» стекло; 1л; D=8,H=33см	","750,00 ₽","698,00 ₽","52,00 ₽"
"Сироп ”Карамель” «Монин» стекло; 1л; D=8,H=33см	","750,00 ₽","698,00 ₽","52,00 ₽"
"Сироп ”Клубника” «Монин» стекло; 1л; D=8,H=33см	","750,00 ₽","698,00 ₽","52,00 ₽"
"Сироп ”Кокос” «Монин» стекло; 1л; D=8,H=33см	","750,00 ₽","698,00 ₽","52,00 ₽"
"Сироп ”Лаванда” «Монин» стекло; 1л; D=8,H=33см	","750,00 ₽","698,00 ₽","52,00 ₽"
"Сироп ”Лес.орех” «Монин» стекло; 1л; D=8,H=33см	","750,00 ₽","698,00 ₽","52,00 ₽"
"Сироп ”Макадамия” «Монин»; стекло; 1л; D=85, H=320мм	","820,00 ₽","762,00 ₽","58,00 ₽"
"Сироп ”Малина” «Монин» стекло; 1л; D=8,H=33см	","750,00 ₽","698,00 ₽","52,00 ₽"
"Сироп ”Маракуйя” «Монин» стекло; 1л; D=8,H=33см	","820,00 ₽","762,00 ₽","58,00 ₽"
"Сироп ”Миндаль” «Монин» стекло; 1л; D=8,H=33см	","750,00 ₽","698,00 ₽","52,00 ₽"
"Сироп ”Поп Корн” «Монин» стекло; 1л; D=8,H=33см	","910,00 ₽","850,00 ₽","60,00 ₽"
"Сироп ”Соленая карамель” «Монин» стекло; 1л; D=8,H=33см	","820,00 ₽","762,00 ₽","58,00 ₽"
